,href,title,subtitle,content,time,result
0,https://cafef.vn/ong-pham-nhat-vuong-gia-vic-rat-thap-so-voi-gia-tri-thuc-anh-chi-mat-khi-anh-ban-chua-ban-thi-chua-mat-gi-ca-188230517113602065.chn,"Ông Phạm Nhật Vượng: “Giá VIC rất thấp so với giá trị thực, anh chỉ mất khi anh bán, chưa bán thì chưa mất gì cả”","Ông Vượng cũng nói thêm: “Có thể do tin đồn, thị trường chung khó khăn làm nhà đầu tư cảm thấy không vui và tháo chạy còn tôi không thấy lý do để bán cổ phiếu”.","“VinFast IPO thành công thì cổ đông có được ưu đãi gì khi mua cổ phiếu không, cổ đông trung thành có hưởng lợi gì không?” – Một cổ đông đặt câu hỏi cho Ban lãnh đạo Tập đoàn Vingroup (VIC) tại Đại hội cổ đông thường niên 2023 tổ chức vào sáng ngày 17/05, sau khi e ngại nhắc về chuyện cổ phiếu VIC của Vingroup đã giảm hơn một nửa trong 2 năm qua.
Trả lời câu hỏi này, ông Phạm Nhật Vượng – Chủ tịch HĐQT khẳng định: “Giá trị của VIC rất thấp so với giá trị thật. Việc Vinfast IPO thì cổ đông của Vingroup không được ưu đãi gì, nhưng nếu là cổ đông trung thành thì sẽ không mất gì cả, anh chỉ mất khi anh bán, chưa bán thì chưa mất gì cả, theo thời gian, thị giá VIC sẽ trở lại”.
Ông Vượng cũng nói thêm: “Có thể do tin đồn, thị trường chung khó khăn làm nhà đầu tư cảm thấy không vui và tháo chạy còn tôi không thấy lý do để bán cổ phiếu”.
Tuy nhiên, một cổ đông khác đặt vấn đề về việc Vingroup đã thay đổi phương án kinh doanh cũng như dàn nhân sự khá “tốc độ”, gây ảnh hưởng đến thương hiệu doanh nghiệp. Thực tế, quyết định bỏ sản xuất xe xăng và sản xuất điện thoại của Vingroup đều bất ngờ và nhanh chóng.
Ông Phạm Nhật Vượng cho biết: “Nếu nói bỏ xe xăng, điện thoại làm ảnh hưởng đến thương hiệu, tôi nghĩ khác. Những gì yếu kém thì phải loại bỏ. Khi chúng ta làm, sẽ có rất nhiều người không hiểu. Nhưng trong xã hội, có một nửa số người hiểu chúng ta, đã là quá mạnh rồi”.
Nói về câu chuyện làm xe, ông Vượng chia sẻ, khi bắt đầu, Vingroup không thể làm ngay xe điện vì cách đây 5 năm hầu như rất ít người mong muốn dùng xe điện và việc làm xe điện thông minh rất khó. Thậm chí ở thời điểm này có làm cũng chưa bán được và chưa làm được. Sau khi thấy cơ hội xe điện rất mạnh, lập tức Vingroup dồn toàn tâm toàn lực, nếu VinFast niêm yết thành công sẽ là hãng xe lớn thứ 3 thế giới.
“Với những lời khen, lời chê mà đúng thì chúng tôi lập tức học, làm theo, sửa. Nếu bôi nhọ, vu khống thì lập tức chiến đấu. Bằng hành động, bằng kết quả của chúng tôi, họ sẽ hiểu. Cái nào có hướng đi sáng thì cần làm mạnh. Ngồi đấy để đốt thêm tiền đi vào hư vô thì chưa đúng” -  Chủ tịch Vingroup nhấn mạnh.
Về câu chuyện xe Trung Quốc, ông Vượng thẳng thắn: “Quan điểm là nước sông không phạm nước giếng, họ có khách hàng của họ, chúng tôi có phân khúc của chúng tôi”.
Theo ông Vượng, sản phẩm đắt hay rẻ phụ thuộc vào nhu cầu, thị hiếu của khách hàng. Ở Việt Nam, có rất nhiều người yêu nước, ủng hộ VinFast và với hệ sinh thái Vingroup hỗ trợ, ông Vượng “không ngại thị trường Việt Nam”.
Theo các tờ trình được thông qua tại đại hội, năm 2023, Vingroup đặt mục tiêu doanh thu thuần 190.000 tỷ đồng và lợi nhuận sau thuế 2.000 tỷ đồng. So với năm 2022, doanh thu tăng trưởng gần 90% trong khi lợi nhuận gần như đi ngang.
Năm 2023, VinFast định hướng phát triển mạng lưới bán hàng tại tất cả các thị trường mục tiêu trong và ngoài nước, đẩy nhanh tốc độ bán hàng và bàn giao sản phẩm tại thị trường trọng điểm (Mỹ). VinFast sẽ triển khai chiến lược marketing trực tiếp, đẩy mạnh hoạt động lái thử các mẫu xe, đồng thời quảng bá các mẫu xe mới sẽ bán trong 2023 thông qua triển lãm, hoạt động trưng bày xe tại tất cả thị trường.
Trong hoạt động sản xuất, công ty đẩy mạnh sản xuất hàng loạt các mẫu xe đã mở bán trong năm 2022 để bàn giao đúng hạn cho khách hàng (VF 5, VF 8 và VF 9), chuẩn bị triển khai sản xuất các mẫu xe mới sắp giới thiệu (VF 6 và VF 7), đồng thời đẩy mạnh tiến độ triển khai dự án nhà máy sản xuất tại bang Bắc Carolina, Hoa Kỳ. Trong hoạt động R&D, VinFast tiếp tục nghiên cứu và sản xuất các phương tiện thân thiện với môi trường khác (xe buýt điện, xe máy điện và xe đạp điện).",17-05-2023 - 11:38 AM,"['1. Mã chứng khoán: ""VIC""\n- Câu liên quan: ""VinFast IPO thành công thì cổ đông có được ưu đãi gì khi mua cổ phiếu không, cổ đông trung thành có hưởng lợi gì không?"" \n- Câu liên quan: ""sau khi e ngại nhắc về chuyện cổ phiếu VIC của Vingroup đã giảm hơn một nửa trong 2 năm qua.""\n- Câu liên quan: ""Giá trị của VIC rất thấp so với giá trị thật.""\n- Câu liên quan: ""Việc Vinfast IPO thì cổ đông của Vingroup không được ưu đãi gì, nhưng nếu là cổ đông trung thành thì sẽ không mất gì cả, anh chỉ mất khi anh bán, chưa bán thì chưa mất gì cả, theo thời gian, thị giá VIC sẽ trở lại.""\n- Câu liên quan: ""Có thể do tin đồn, thị trường chung khó khăn làm nhà đầu tư cảm thấy không vui và tháo chạy còn tôi không thấy lý do để bán cổ phiếu.""\n\n2. Mã chứng khoán: ""VOS""\n- Câu liên quan: ""Vosco (VOS) báo lãi trước thuế hơn 6 tỷ đồng, giảm 98% so với cùng kỳ năm trước. Lũy kế 6 tháng, công ty lãi 85 tỷ đồng, giảm 78% so với thực hiện nửa đầu năm ngoái.""\n\n3. Mã chứng khoán: ""ICT""\n- Câu liên quan: ""CTCP Đầu tư - Kinh doanh Nhà (ICT) ghi nhận lãi trước thuế quý 2/2023 giảm 84% so với cùng kỳ còn 17 tỷ đồng. Lũy kế 6 tháng, doanh nghiệp lãi 48 tỷ đồng, giảm 77%.""', 'Not specified']"
1,https://cafef.vn/co-phieu-vic-bat-tang-6-von-hoa-vingroup-tang-them-500-trieu-usd-sau-thong-tin-ve-thuong-vu-sap-nhap-voi-spac-vua-vinfast-18823051510320879.chn,"Cổ phiếu VIC bật tăng 6%, vốn hóa Vingroup tăng thêm 500 triệu USD sau thông tin về thương vụ sáp nhập với SPAC của VinFast","VinFast Auto Pte. Ltd. và Black Spade Acquisition Co (“Black Spade”) (NYSE: BSAQ) đã thỏa thuận sáp nhập doanh nghiệp. Sau giao dịch, VinFast có mức định giá hơn 23 tỷ USD và tiếp tục kế hoạch niêm yết trên sàn giao dịch chứng khoán Mỹ.","Ngay phiên giao dịch sáng đầu tuần ngày 15/5, mã VIC của Tập đoàn Vingroup ﻿đã nhanh chóng tăng 3.000 đồng (5,8%) lên 54.700 đồng/cp. Đây là phiên tăng thứ 2 liên tiếp của VIC sau phiên giao dịch ngày 12/5 và là mức giá cao nhất của mã kể từ phiên 10/4.
Với mức tăng này, vốn hóa của Vingroup tăng thêm 11.500 tỷ (gần 500 triệu USD) lên 208.400 tỷ đồng, tương đương gần 8,9 tỷ USD.

Thông tin hỗ trợ đắc lực tới từ việc ﻿ngày 12/5, VinFast chính thức công bố sẽ niêm yết tại Mỹ thông qua giao dịch sáp nhập với 1 công ty SPAC, định giá 23 tỷ USD.
Theo đó, VinFast Auto Pte. Ltd. và Black Spade Acquisition Co (“Black Spade”) (NYSE: BSAQ) đã thỏa thuận sáp nhập doanh nghiệp.
Công ty hợp nhất sẽ có giá trị doanh nghiệp khoảng 27 tỷ USD. Giá trị vốn chủ sở hữu là 23 tỷ USD sau khi sáp nhập, chưa bao gồm số tiền sẽ quy đổi từ 169 triệu USD tiền mặt tín thác.
Giao dịch dự kiến sẽ kết thúc trong năm 2023 sau khi nhận được sự chấp thuận của cơ quan quản lý và cổ đông, cũng như các điều kiện hoàn tất khác theo thông lệ. Sau giao dịch, các cổ đông hiện hữu của VinFast sẽ sở hữu 99% trong công ty sau sáp nhập.

Black Spade là công ty séc trắng được thành lập năm 2021 nhằm mục đích thực hiện giao dịch hợp nhất kinh doanh với công ty mục tiêu (Special Purpose Acquisition Company - SPAC). Trụ sở chính của Black Spade đang đặt tại Wyndham Street Central, Hồng Kông.
Không chỉ có VIC, sau khi thông tin về thương vụ với VinFast được công bố, cổ phiếu BSAQ tăng nhẹ 1% lên 10.36 USD/cp, tương ứng vốn hóa hiện đạt gần 220 triệu USD.
",15-05-2023 - 10:36 AM,"['1. Mã chứng khoán: VIC\n- ""Ngay phiên giao dịch sáng đầu tuần ngày 15/5, mã VIC của Tập đoàn Vingroup \ufeffđã nhanh chóng tăng 3.000 đồng (5,8%) lên 54.700 đồng/cp.""\n- ""Đây là phiên tăng thứ 2 liên tiếp của VIC sau phiên giao dịch ngày 12/5 và là mức giá cao nhất của mã kể từ phiên 10/4.""\n- ""Với mức tăng này, vốn hóa của Vingroup tăng thêm 11.500 tỷ (gần 500 triệu USD) lên 208.400 tỷ đồng, tương đương gần 8,9 tỷ USD.""\n\n2. Mã chứng khoán: BSAQ\n- ""Thông tin hỗ trợ đắc lực tới từ việc \ufeffngày 12/5, VinFast chính thức công bố sẽ niêm yết tại Mỹ thông qua giao dịch sáp nhập với 1 công ty SPAC, định giá 23 tỷ USD.""\n- ""Theo đó, VinFast Auto Pte. Ltd. và Black Spade Acquisition Co (“Black Spade”) (NYSE: BSAQ) đã thỏa thuận sáp nhập doanh nghiệp.""\n- ""Không chỉ có VIC, sau khi thông tin về thương vụ với VinFast được công bố, cổ phiếu BSAQ tăng nhẹ 1% lên 10.36 USD/cp, tương ứng vốn hóa hiện đạt gần 220 triệu USD.""']"
2,https://cafef.vn/ong-pham-nhat-vuong-hoan-tat-chuyen-508-trieu-co-phieu-vic-cho-gsm-vingroup-co-them-co-dong-to-chuc-moi-188230325100624014.chn,"Ông Phạm Nhật Vượng hoàn tất chuyển 50,8 triệu cổ phiếu VIC cho GSM, Vingroup có thêm cổ đông tổ chức mới","Sau giao dịch, ông Phạm Nhật Vượng hiện còn nắm giữ 691,27 triệu cổ phiếu VIC (tương đương 17,87% vốn điều lệ Vingroup) và Công ty GSM sở hữu 1,31% vốn điều lệ Vingroup.","Chủ tịch Vingroup Phạm Nhật Vượng vừa hoàn tất chuyển nhượng gần 50,8 triệu cổ phiếu VIC (tương ứng 1,31% vốn điều lệ Vingroup) thuộc sở hữu cá nhân để góp vốn vào CTCP Di chuyển xanh và Thông minh (GSM ) – doanh nghiệp cho thuê và kinh doanh xe taxi điện mới được ông thành lập.
Phần vốn góp được định giá 2.850 tỷ đồng, xác định bằng giá bình quân 50 phiên của cổ phiếu VIC tính đến ngày 25/3/2023 và tương đương với 95% vốn điều lệ 3.000 tỷ đồng của GSM.
Sau khi giao dịch hoàn tất, ông Vượng hiện còn nắm giữ 691,27 triệu cổ phiếu (tương đương 17,87% vốn điều lệ Vingroup) và Công ty GSM sở hữu 1,31% vốn điều lệ Vingroup.

Trước đó, hồi cuối năm 2022, ông Phạm Nhật Vượng cũng đã dùng 243 triệu cổ phiếu – được định giá ở mức 16.200 tỷ đồng) để góp vốn thành lập Công ty Quản lý và đầu tư bất động sản VMI.
Biến động thị giá VIC",25-03-2023 - 10:07 AM,"['1. Mã chứng khoán: VIC\n- ""Chủ tịch Vingroup Phạm Nhật Vượng vừa hoàn tất chuyển nhượng gần 50,8 triệu cổ phiếu VIC (tương ứng 1,31% vốn điều lệ Vingroup) thuộc sở hữu cá nhân để góp vốn vào CTCP Di chuyển xanh và Thông minh (GSM ) – doanh nghiệp cho thuê và kinh doanh xe taxi điện mới được ông thành lập.""\n- ""Phần vốn góp được định giá 2.850 tỷ đồng, xác định bằng giá bình quân 50 phiên của cổ phiếu VIC tính đến ngày 25/3/2023 và tương đương với 95% vốn điều lệ 3.000 tỷ đồng của GSM.""\n- ""Sau khi giao dịch hoàn tất, ông Vượng hiện còn nắm giữ 691,27 triệu cổ phiếu (tương đương 17,87% vốn điều lệ Vingroup) và Công ty GSM sở hữu 1,31% vốn điều lệ Vingroup.""\n\n2. Not specified']"
3,https://cafef.vn/doanh-thu-dat-ky-luc-hon-41000-ty-dong-vingroup-vic-bao-lai-truoc-thue-quy-4-gan-4000-ty-dong-20230131065955046.chn,"Doanh thu đạt kỷ lục hơn 41.000 tỷ đồng, Vingroup (VIC) báo lãi trước thuế quý 4 gần 4.000 tỷ đồng","Lũy kế cả năm 2022, VIC ghi nhận doanh thu thuần đạt 101.523 tỷ đồng, giảm 19% và lãi ròng 8.352 tỷ đồng, trái ngược với kết quả lỗ 2.514 tỷ đồng trong năm 2021.","Mới đây, Tập đoàn Vingroup (mã CK: VIC) đã công bố Báo cáo tài chính hợp nhất quý 4/2022.
Theo đó, doanh thu thuần về bán hàng và cung cấp dịch vụ của Tập đoàn đạt 41.168 tỷ đồng, tăng 18% so với cùng kỳ và đạt kỷ lục cao nhất từ trước tới nay. Trong đó, doanh thu từ chuyển nhượng bất động sản chiếm 71% với 29.153 tỷ đồng, tăng 26% so với cùng kỳ năm 2021. Doanh thu từ hoạt động sản xuất đạt 3.601 tỷ đồng, giảm 12%, đóng góp gần 9% vào doanh thu Tập đoàn.
Vingroup cho biết doanh thu bất động sản trong quý chủ yếu đến từ các căn bất động sản thấp tầng tại dự án Vinhomes Ocean Park 2 – The Empire. 
Bên cạnh đó, các mảng hoạt động khác như cho thuê bất động sản đầu tư, dịch vụ khách sạn, du lịch, vui chơi giải trí, y tế và giáo dục đều tăng so với cùng kỳ.
Trừ đi giá vốn, Vingroup lãi gộp 12.804 tỷ đồng, tăng 48% so với quý 4/2021.
Doanh thu tài chính Vingroup trong quý giảm 27% còn 2.529 tỷ đồng chủ yếu đến từ lãi chuyển nhượng các khoản đầu tư, chi phí tài chính cũng giảm 20% xuống 2.269 tỷ đồng do giảm lỗ chênh lệch tỷ giá.﻿ Trong quý 4, VIC lãi chênh lệch tỷ giá hơn 1.200 tỷ đồng.
Chi phí bán hàng tăng mạnh lên 3.683 tỷ đồng, tăng 96% trong khi chi phí quản lý doanh nghiệp lại giảm 45% xuống 5.170 tỷ đồng do công ty giảm chi phí tài trợ từ thiện và trích lập dự phòng.
Trừ đi các chi phí và khoản lỗ khác, VIC lãi trước thuế 3.955 tỷ đồng, trái ngược với khoản lỗ 6.568 tỷ đồng trong quý 4/2021.﻿ Lãi sau thuế là 410 tỷ đồng và lãi ròng của công ty mẹ là 1.559 tỷ đồng, cùng kỳ lỗ ròng 5.706 tỷ đồng.
Lũy kế cả năm 2022, VIC ghi nhận doanh thu thuần đạt 101.523 tỷ đồng, giảm 19% và lãi ròng 8.352 tỷ đồng, trái ngược với kết quả lỗ 2.514 tỷ đồng trong năm 2021.
Kinh doanh chuyển nhượng bất động sản vẫn là mảng mang về doanh thu lớn nhất cho VIC, trong năm 2022, kinh doanh chuyển nhượng BĐS mang về 54.861 tỷ đồng doanh thu thuần, chiếm 54% doanh thu thuần cả năm. Các mảng hoạt động kinh doanh khác bao gồm: Cho thuê bất động sản đầu tư mang về 8.112 tỷ đồng (chiếm 8%); Dịch vụ khách sạn, du lịch, vui chơi giải trí mang về 7.532 tỷ đồng (chiếm 7%); Hoạt động sản xuất mang về 13.564 tỷ đồng (chiếm 13%); Y tế mang về 4.480 tỷ đồng (chiếm 4%); Giáo dục mang về 3.760 tỷ đồng (chiếm 4%) và Khác mang về 15.070 tỷ đồng (chiếm 15%).
Tại ngày 31/12/2022, tổng tài sản Vingroup đạt 574.807 tỷ đồng, tăng 34% so với thời điểm 31/12/2021. Lượng tiền mặt và tiền gửi của Tập đoàn tăng lên 28.224 tỷ đồng.
Doanh số bán bất động sản chưa ghi nhận của toàn Vingroup gồm Vinhomes và các công ty con đạt mức kỉ lục 110.500 tỷ đồng vào thời điểm cuối năm 2022, tăng 2,1 lần so với cùng kỳ năm 2021, theo đó lĩnh vực bất động sản hứa hẹn ghi nhận tổng doanh thu lớn trong năm 2023 nhờ việc tiếp tục  bàn giao lượng lớn sản phẩm sau khi hoàn thành xây dựng.
Trong hoạt động huy động vốn, năm 2022, Vingroup đã huy động thành công gần 1,1 tỷ USD từ thị trường vốn quốc tế. Tháng 12/2022, VinFast đã nộp hồ sơ theo Mẫu F-1 lên Ủy ban Giao dịch Chứng khoán Mỹ (""SEC"") để đăng ký phát hành cổ phiếu phổ thông lần đầu ra công chúng.
Trong hoạt động Công nghệ – Công nghiệp, VinFast tập trung bàn giao hai mẫu xe ô tô điện là VFe 34 và VF 8 tại thị trường trong nước, đồng thời chuẩn bị cho việc bàn giao xe VF 8 tại Mỹ.
Tính từ đầu năm, VinFast đã bàn giao tổng cộng 7.400 xe ô tô điện,  60.000 xe máy điện trong năm 2022.
Ở lĩnh vực Bất động sản bán lẻ, Vincom Retail ghi nhận tăng trưởng cao cả về doanh thu và lợi nhuận so với năm trước và vượt kế hoạch đề ra, mặc dù vẫn bị ảnh hưởng bởi dịch Covid-19 trong đầu năm 2022. Lượt khách đến trung tâm thương mại tăng 93% so với năm 2021 và dần hồi phục về mức trước dịch Covid-19.
Đối với lĩnh vực Du lịch nghỉ dưỡng, hoạt động của Vinpearl phục hồi theo đà chung của thị trường du lịch. Tổng số đêm phòng bán năm 2022 đạt gần 1,3 triệu phòng, tăng 60% so với năm 2021.",31-01-2023 - 07:00 AM,"['1. Mã chứng khoán: VIC\n- ""Mới đây, Tập đoàn Vingroup (mã CK: VIC) đã công bố Báo cáo tài chính hợp nhất quý 4/2022.""\n- ""Theo đó, doanh thu thuần về bán hàng và cung cấp dịch vụ của Tập đoàn đạt 41.168 tỷ đồng, tăng 18% so với cùng kỳ và đạt kỷ lục cao nhất từ trước tới nay.""\n- ""Trong đó, doanh thu từ chuyển nhượng bất động sản chiếm 71% với 29.153 tỷ đồng, tăng 26% so với cùng kỳ năm 2021.""\n- ""Doanh thu từ hoạt động sản xuất đạt 3.601 tỷ đồng, giảm 12%, đóng góp gần 9% vào doanh thu Tập đoàn.""\n- ""Vingroup cho biết doanh thu bất động sản trong quý chủ yếu đến từ các căn bất động sản thấp tầng tại dự án Vinhomes Ocean Park 2 – The Empire.""\n- ""Bên cạnh đó, các mảng hoạt động khác như cho thuê bất động sản đầu tư, dịch vụ khách sạn, du lịch, vui chơi giải trí, y tế và giáo dục đều tăng so với cùng kỳ.""\n- ""Trừ đi giá vốn, Vingroup lãi gộp 12.804 tỷ đồng, tăng 48% so với quý 4/2021.""\n- ""Doanh thu tài chính Vingroup trong quý giảm 27% còn 2.529 tỷ đồng chủ yếu đến từ lãi chuyển nhượng các khoản đầu tư, chi phí tài chính cũng giảm 20% xuống 2.269 tỷ đồng do giảm lỗ chênh lệch tỷ giá.""\n- ""Chi phí bán hàng tăng mạnh lên 3.683 tỷ đồng, tăng 96% trong khi chi phí quản lý doanh nghiệp lại giảm 45% xuống 5.170 tỷ đồng do công ty giảm chi phí tài trợ từ thiện và trích lập dự phòng.""\n- ""Trừ đi các chi phí và khoản lỗ khác, VIC lãi trước thuế 3.955 tỷ đồng, trái ngược với khoản lỗ 6.568 tỷ đồng trong quý 4/2021.""\n- ""Lãi sau thuế là 410 tỷ đồng và lãi ròng của công ty mẹ là 1.559 tỷ đồng, cùng kỳ lỗ ròng 5.706 tỷ đồng.""\n- ""Lũy kế cả năm 2022, VIC ghi nhận doanh thu thuần đạt 101.523 tỷ đồng, giảm 19% và lãi ròng 8.352 tỷ đồng, trái ngược với kết quả lỗ 2.514 tỷ đồng trong năm 2021.""\n- ""Kinh doanh chuyển nhượng bất động sản vẫn là mảng mang về doanh thu lớn nhất cho VIC, trong năm 2022, kinh doanh chuyển nhượng BĐS mang về 54.861 tỷ đồng doanh thu thuần, chiếm 54% doanh thu thuần cả năm.""\n- ""Các mảng hoạt động kinh doanh khác bao gồm: Cho thuê bất động sản đầu tư mang về 8.112 tỷ đồng (chiếm 8%);', 'Dựa trên nội dung bài viết, không có thông tin về mã chứng khoán nào được đề cập.']"
4,https://cafef.vn/ty-phu-pham-nhat-vuong-da-chuyen-nhuong-hon-243-trieu-co-phieu-vic-vingroup-co-co-dong-lon-moi-20221118194214725.chn,"Tỷ phú Phạm Nhật Vượng đã chuyển nhượng hơn 243 triệu cổ phiếu VIC cho VMI, Vingroup có cổ đông lớn mới","Sau giao dịch, VMI JSC trở thành cổ đông lớn của Vingroup, chiếm 6,29% vốn điều lệ tập đoàn.","CTCP Tập đoàn Vingroup (mã CK: VIC) mới công bố báo cáo kết quả giao dịch cổ phiếu của ông Phạm Nhật Vượng – Chủ tịch HĐQT công ty. Theo đó, ông Vượng đã chuyển nhượng hơn 243 triệu cổ phiếu VIC cho CTCP Quản lý và đầu tư Bất động sản VMI (VMI JSC), giao dịch diễn ra vào ngày 17/11, phương thức giao dịch là chuyển quyền sở hữu qua Trung tâm lưu ký chứng khoán.
Trước khi giao dịch, số cổ phiếu VIC ông Phạm Nhật Vượng sở hữu là hơn 985,5 triệu cổ phiếu, chiếm tỷ lệ 25,47% vốn điều lệ Vingroup. Sau khi giao dịch, số cổ phiếu ông Vượng sở hữu còn hơn 742 triệu cổ phiếu, chiếm 19,18% vốn điều lệ.
Còn VMI JSC trở thành cổ đông lớn của Vingroup, chiếm 6,29% vốn điều lệ tập đoàn.
Trước đó, tỷ phú Phạm Nhật Vượng đã công bố sẽ góp vốn và trở thành cổ đông chính của VMI JSC. VMI JSC được thành lập với mục tiêu hỗ trợ các nhà đầu tư vốn nhỏ có cơ hội đầu tư bất động sản, quản lý các bất động sản và phát triển thị trường thứ cấp nhằm tăng thanh khoản và giá trị cho các bất động sản của Vinhomes.
Theo đó, VMI có vốn điều lệ 18.000 tỷ đồng, trong đó ông Phạm Nhật Vượng góp 90% vốn bằng giá trị cổ phiếu Vingroup. Cụ thể, ông Vượng sẽ góp vốn bằng 243 triệu cổ phiếu Vingroup, tương đương 16.200 tỷ đồng theo thị giá trung bình 50 phiên tính đến 13/9/2022. Ông Phạm Nhật Vượng cam kết sẽ duy trì đầu tư và nắm quyền kiểm soát lâu dài trong VMI JSC.
Bên cạnh phần sở hữu trực tiếp, CTCP Tập đoàn Đầu tư Việt Nam – một công ty do ông Vượng nắm quyền chi phối – hiện đang là cổ đông lớn nhất sở hữu 32,6% cổ phần của Vingroup. Ngoài Vingroup và CTCP Tập đoàn Đầu tư Việt Nam, hiện chủ tịch Vingroup còn đang trực tiếp nắm giữ vốn của VinFuture, VinES và công ty Asian Star Trading & Investment.
Đóng cửa phiên giao dịch ngày 18/11, giá cổ phiếu VIC dừng ở mức 65.600 đồng/cp, như vậy số cổ phiếu ông Vượng chuyển nhượng cho VMI JSC có giá trị là 15.971 tỷ đồng.",18-11-2022 - 19:43 PM,"['1. Mã chứng khoán: VIC\n- Ông Phạm Nhật Vượng đã chuyển nhượng hơn 243 triệu cổ phiếu VIC cho VMI JSC.\n- Trước khi giao dịch, ông Phạm Nhật Vượng sở hữu hơn 985,5 triệu cổ phiếu VIC.\n- Sau khi giao dịch, ông Phạm Nhật Vượng sở hữu hơn 742 triệu cổ phiếu VIC.\n\n2. Mã chứng khoán: VMI\n- VMI JSC trở thành cổ đông lớn của Vingroup, chiếm 6,29% vốn điều lệ tập đoàn.\n- Ông Phạm Nhật Vượng góp vốn bằng 243 triệu cổ phiếu Vingroup vào VMI JSC, tương đương 16.200 tỷ đồng.\n\n3. Mã chứng khoán: VOS (Not specified)\n4. Mã chứng khoán: ICT (Not specified)']"
5,https://cafef.vn/vi-sao-ty-phu-pham-nhat-vuong-co-the-gop-von-bang-co-phieu-vic-vao-cong-ty-mua-chung-bat-dong-san-vmi-20221007122434141.chn,Vì sao tỷ phú Phạm Nhật Vượng có thể góp vốn bằng cổ phiếu VIC vào VMI?,"Ngoài việc quan tâm đến mô hình hoạt động của VMI JSC - Công ty cổ phần quản lý và đầu tư BĐS VMI thì dư luận cũng tò mò về việc tỷ phú Phạm Nhật Vượng góp vốn bằng cổ phiếu tương đương 90% cổ phần của VMI JSC. Trên thực tế, ngoài góp vốn bằng tiền VNĐ, pháp luật cho phép cổ đông được góp vốn bằng nhiều tài sản khác như quyền sử dụng đất,.. hay thậm chí cả tài sản vô hình như quyền sở hữu trí tuệ, bí quyết kỹ thuật...","Ngày 6/10/2022, Công ty Cổ phần Quản lý và Đầu tư Bất động sản VMI (VMI JSC) do ông Phạm Nhật Vượng là cổ đông chính cùng với bà Phạm Thu Hương và Công ty cổ phần Vinhomes đã được thành lập.
VMI JSC có vốn điều lệ 18.000 tỷ đồng, hoạt động với mục tiêu hỗ trợ các nhà đầu tư vốn nhỏ có cơ hội đầu tư bất động sản, quản lý các bất động sản và phát triển thị trường thứ cấp nhằm tăng thanh khoản và giá trị cho các bất động sản của Vinhomes.
Ông Phạm Nhật Vượng – Chủ tịch Hội đồng Quản trị Tập đoàn Vingroup (Mã CK: VIC) góp vốn vào VMI JSC bằng hơn 243 triệu cổ phiếu VIC, tương đương 16.200 tỷ đồng theo thị giá trung bình 50 phiên tính đến 13/9/2022.
Việc góp vốn bằng cổ phiếu nghe có vẻ xa lạ với nhiều người, nhưng thực tế hoạt động này đã có một số doanh nghiệp làm trước đó, mặc dù không phổ biến. Vậy những hành lang pháp luật nào ở Việt Nam cho phép việc góp vốn bằng cổ phiếu?
Thứ nhất, có được góp vốn bằng cổ phiếu không?
Theo quy định tại khoản 1 Điều 34 Luật doanh nghiệp 2020 có quy định về tài sản góp vốn. Trong đó, tài sản góp vốn là Đồng Việt Nam, ngoại tệ tự do chuyển đổi, vàng, quyền sử dụng đất, quyền sở hữu trí tuệ, công nghệ, bí quyết kỹ thuật, tài sản khác có thể định giá được bằng Đồng Việt Nam.
Như vậy mã cố phiếu đáp ứng yêu cầu của Luật doanh nghiệp đều có thể trở thành tài sản góp vốn.
Điều 4 - Luật Chứng khoán 2019 có quy định: Chứng khoán là tài sản, bao gồm các loại sau đây:
a) Cổ phiếu, trái phiếu, chứng chỉ quỹ;
b) Chứng quyền, chứng quyền có bảo đảm, quyền mua cổ phần, chứng chỉ lưu ký;
c) Chứng khoán phái sinh;
d) Các loại chứng khoán khác do Chính phủ quy định.
Bên cạnh được thừa nhận là tài sản, cổ phiếu có giá trị và có thể định giá được. Cổ phiếu của các doanh nghiệp đã niêm yết trên sàn chứng khoán được mua bán giao dịch theo giá thị trường.
Thứ hai, góp vốn bằng cổ phiếu thì định giá như thế nào?
Điều 36 Luật Doanh nghiệp quy định về định giá tài sản góp vốn, theo đó:
Tài sản góp vốn không phải là Đồng Việt Nam, ngoại tệ tự do chuyển đổi, vàng phải được các thành viên, cổ đông sáng lập hoặc tổ chức thẩm định giá định giá và được thể hiện thành Đồng Việt Nam.
Tài sản góp vốn khi thành lập doanh nghiệp phải được các thành viên, cổ đông sáng lập định giá theo nguyên tắc đồng thuận hoặc do một tổ chức thẩm định giá định giá. Trường hợp tổ chức thẩm định giá định giá thì giá trị tài sản góp vốn phải được trên 50% số thành viên, cổ đông sáng lập chấp thuận.
Như vậy, điều quan trọng nhất với một tài sản góp vốn là nó phải định giá được và giá này phải được đa số thành viên, cổ đông sáng lập chấp thuận.
Trong trường hợp của Vinhomes, giá trị của 243 triệu cổ phiếu góp vốn được xác định theo thị giá trung bình 50 phiên tính đến ngày 13/9/2022, thị giá trung bình trong khoảng thời gian này rơi vào 66.667 VNĐ/cổ phiếu.
Diễn biến giá của cổ phiếu VIC trong 6 tháng trở lại đây
Thứ ba, góp vốn bằng cổ phiếu bản chất là hoạt động chuyển nhượng cổ phần
Điều 35 Luật Doanh nghiệp 2020 quy định về chuyển quyền sở hữu tài sản góp vốn. Theo đó, đối với tài sản có đăng ký quyền sở hữu hoặc quyền sử dụng đất thì người góp vốn phải làm thủ tục chuyển quyền sở hữu tài sản đó hoặc quyền sử dụng đất cho công ty theo quy định của pháp luật.
Có thể thấy bản chất hoạt động góp vốn bằng cổ phiếu của Cổ đông là hoạt động chuyển nhượng cổ phần. Bởi lẽ, sau khi Công ty mới được thành lập, cổ đông góp vốn sẽ phải chuyển quyền sở hữu cổ phiếu sang cho Công ty mới được thành lập.
Trong trường hợp của Vingroup, sau khi phát đi thông tin về việc góp vốn thành lập VMI, ông Phạm Nhật Vượng cũng đã có đăng ký chuyển quyền sở hữu 243,46 triệu cổ phiếu sang VMI thông qua Trung tâm lưu ký chứng khoán. Giao dịch dự kiến thực hiện từ 12/10-10/11/2022.",07-10-2022 - 12:24 PM,"['1. Mã chứng khoán: ""VIC""\n- Câu 1: ""Ông Phạm Nhật Vượng – Chủ tịch Hội đồng Quản trị Tập đoàn Vingroup (Mã CK: VIC) góp vốn vào VMI JSC bằng hơn 243 triệu cổ phiếu VIC, tương đương 16.200 tỷ đồng theo thị giá trung bình 50 phiên tính đến 13/9/2022.""\n\n2. Mã chứng khoán: ""VOS""\n- Not specified\n\n3. Mã chứng khoán: ""ICT""\n- Not specified', 'Dựa trên nội dung bài viết, không có thông tin về mã chứng khoán nào được đề cập.']"
6,https://cafef.vn/hose-cat-margin-voi-62-ma-chung-khoan-trong-quy-4-2022-bao-gom-flc-hag-hvn-lhg-tgg-tdh-ita-20221004182026565.chn,"HoSE cắt margin với 62 mã chứng khoán trong quý 4/2022, VIC không có tên trong danh sách",Đây chủ yếu là những cổ phiếu quen thuộc nằm trong diện bị cảnh báo; kiểm soát hoặc do doanh nghiệp có lợi nhuận của cổ đông công ty mẹ/LNST trên BCTC hợp nhất soát xét 6 tháng năm 2022 là số âm.,"Mới đây, Sở Giao dịch Chứng khoán TP HCM (HOSE) đã công bố danh sách 62 mã chứng khoán không đủ điều kiện giao dịch ký quỹ trong quý 4/2022.
Đây chủ yếu là những cổ phiếu quen thuộc nằm trong diện bị cảnh báo hoặc kiểm soát như CIG, DLG, DXV, HNG, HOT, HU1, HU3, ITA, MCG, OGC, PMG, PTL, RDP, SCD, SII, SJD, TCR, TNI, TTF, VFG, VOS,...
Xuất hiện trong danh sách còn thêm nhóm cổ phiếu hệ sinh thái FLC như FLC, GAB, HAI. Mã chứng khoán ROS không còn có tên trong danh sách do đã bị huỷ niêm yết bắt buộc từ 5/9. Về nguyên nhân bị cắt margin trong quý 4, cổ phiếu GAB thì trong danh sách hạn chế giao dịch kể từ 5/10 còn FLC và HAI đang thuộc diện đình chỉ giao dịch, chưa rõ thời gian trở lại sàn.
Một số cổ phiếu ""nóng"" trong giai đoạn trước cũng thuộc diện bị cắt margin trong quý 3 như TGG của nhóm Louis; mã JVC, NVT của nhóm ""DNP-Tasco""...
Cổ phiếu HVN của Vietnam Airlines, HAG của Hoàng Anh Gia Lai cũng tiếp tục bị cắt margin quý 4 do đang trong diện kiểm soát của HoSE. Với việc bị đưa vào diện cảnh báo do chậm nộp báo cáo tài chính soát xét bán niên 2022, mã chứng khoán ngành bất động sản khu công nghiệp LHG - Long Hậu cũng bị HoSE cắt margin trong quý 4 này.
Bên cạnh đó, danh sách 62 cổ phiếu không được giao dịch ký quỹ quý 4 còn một số mã có thời gian niêm yết dưới 6 tháng nên chưa thể tham gia giao dịch margin như FIR, hay chứng chỉ quỹ FUEVTVGF4 của Quỹ đầu tư tăng trưởng Thiên Việt 4, FUEDCMID của Quỹ ETF DCVFMVNMIDCAP.
Một vài nguyên nhân dẫn đến việc cắt margin còn là việc doanh nghiệp có lợi nhuận của cổ đông công ty mẹ/LNST trên BCTC hợp nhất soát xét 6 tháng năm 2022 là số âm như AGM, ASP, BCE, HAS, KHP, MHC, POM, PSH, PTC, SBV, SJF... hoặc Công ty nhận được kết luận của cơ quan thuế về việc vi phạm thuế như SCS, TDW.
Hai mã chứng chỉ quỹ FUEIP100 của Quỹ ETF IPAAM VN100 và FUEKIV30 của Quỹ ETF KIM Growth VN30 cũng không được phép giao dịch ký quỹ trên HoSE trong quý 4 do quỹ đầu tư đại chúng có tối thiểu một tháng có giá trị tài sản ròng (NAV) tính trên một đơn vị chứng chỉ quỹ nhỏ hơn mệnh giá căn cứ trên báo cáo thay đổi giá trị tài sản ròng hàng tháng xét trong 3 tháng liên tiếp.
Một điểm đáng chú ý, cổ phiếu VIC của Vingroup đã không có tên trong danh sách các mã chứng khoán không đủ điều kiện giao dịch ký quỹ. Trước đó, Vingroup đã công bố báo cáo kiểm toán bán niên với lợi nhuận sau thuế cổ đông công ty mẹ đạt 5.846 tỷ đồng, tăng 63,8% so với cùng kỳ.
Việc có lãi trong 6 tháng đầu năm đã giúp VIC đủ điều kiện để được giao dịch ký quỹ trở lại. Trước đó, VIC đã bị cắt margin từ ngày 5/4 vì ghi nhận lỗ 7.558 tỷ đồng năm 2021. Nguyên nhân lỗ do tài trợ 6.072 tỷ đồng cho các hoạt động phòng chống Covid-19 và trích lập dự phòng 4.494 tỷ đồng để thanh toán cho các khoản phí trả cho các nhà cung cấp do kết thúc hợp đồng liên quan đến quyết định ngừng sản xuất xe để tập trung sang xe điện. Theo quy định, cổ phiếu của một công ty sẽ bị cắt margin khi ghi nhận lỗ trên BCTC bán niên hoặc BCTC năm.",04-10-2022 - 18:20 PM,"['Dưới đây là danh sách mã chứng khoán và các câu liên quan đến chúng trong bài viết:\n\n1. CIG: Not specified\n2. DLG: Not specified\n3. DXV: Not specified\n4. HNG: Not specified\n5. HOT: Not specified\n6. HU1: Not specified\n7. HU3: Not specified\n8. ITA: Not specified\n9. MCG: Not specified\n10. OGC: Not specified\n11. PMG: Not specified\n12. PTL: Not specified\n13. RDP: Not specified\n14. SCD: Not specified\n15. SII: Not specified\n16. SJD: Not specified\n17. TCR: Not specified\n18. TNI: Not specified\n19. TTF: Not specified\n20. VFG: Not specified\n21. VOS: ""Xuất hiện trong danh sách còn thêm nhóm cổ phiếu hệ sinh thái FLC như FLC, GAB, HAI.""\n22. FLC: ""Xuất hiện trong danh sách còn thêm nhóm cổ phiếu hệ sinh thái FLC như FLC, GAB, HAI.""\n23. GAB: ""Xuất hiện trong danh sách còn thêm nhóm cổ phiếu hệ sinh thái FLC như FLC, GAB, HAI.""\n24. HAI: ""Xuất hiện trong danh sách còn thêm nhóm cổ phiếu hệ sinh thái FLC như FLC, GAB, HAI.""\n25. ROS: ""Mã chứng khoán ROS không còn có tên trong danh sách do đã bị huỷ niêm yết bắt buộc từ 5/9.""\n26. TGG: ""Một số cổ phiếu \'nóng\' trong giai đoạn trước cũng thuộc diện bị cắt margin trong quý 3 như TGG của nhóm Louis.""\n27. JVC: ""Một số cổ phiếu \'nóng\' trong giai đoạn trước cũng thuộc diện bị cắt margin trong quý 3 như mã JVC, NVT của nhóm \'DNP-Tasco\'.""\n28. NVT: ""Một số cổ phiếu \'nóng\' trong giai đoạn trước cũng thuộc diện bị cắt margin trong quý 3 như mã JVC, NVT của nhóm \'DNP-Tasco\'.""\n29. HVN: ""Cổ phiếu HVN của Vietnam Airlines, HAG của Hoàng Anh Gia Lai cũng tiếp tục bị cắt margin quý 4 do đang trong diện kiểm soát của HoSE.""\n30. HAG: ""Cổ phiếu HVN của Vietnam Airlines, HAG của Hoàng Anh Gia Lai cũng tiếp tục bị cắt margin quý 4 do đang trong diện kiểm soát của HoSE.""\n31. LHG: ""Với việc bị đưa vào diện cảnh báo do chậm nộp báo cáo tài chính soát xét bán niên 2022, mã chứng khoán ngành bất động sản khu công nghiệp LHG - Long Hậu cũng bị HoSE cắt margin trong quý 4 này.""\n32. FIR: ""Danh sách 62 cổ phiếu không được giao dịch ký quỹ quý 4 còn một số mã có thời gian niêm yết dưới 6 tháng nên chưa thể tham gia giao dịch margin như FIR.""\n33. FUEVTVGF4: ""Danh sách 62 cổ phiếu không được giao dịch ký quỹ quý 4 còn một số mã có thời gian niêm yết dưới 6 tháng nên chưa thể tham gia giao dịch margin như chứng chỉ quỹ FUEVTVGF4 của Quỹ đầu tư tăng trưở']"
7,https://cafef.vn/co-lai-sau-nua-dau-nam-co-phieu-vic-sap-duoc-cap-margin-20220830142303528.chn,"Có lãi sau nửa đầu năm, cổ phiếu VIC sắp được cấp margin?","Vingroup ghi nhận lãi sau thuế nửa đầu năm là 1.065 tỷ đồng, giảm 28,3% so với cùng kỳ.","Tập đoàn Vingroup ( HoSE: VIC ) vừa công bố báo cáo tài chính soát xét bán niên với doanh thu thuần 31.623 tỷ đồng, giảm 48%. Nguyên nhân chủ yếu cho sự giảm doanh thu của tập đoàn do doanh thu chuyển nhượng bất động sản giảm 75,3% còn 9.058 tỷ đồng. Tuy nhiên, lợi nhuận sau thuế cổ đông công ty mẹ Vingroup vẫn đạt 5.846 tỷ đồng, tăng 63,8% so với cùng kỳ.
Như vậy, cổ phiếu VIC sẽ chuẩn bị được giao dịch ký quỹ (margin) trở lại trong thời gian tới. Trước đó, mã này bị cắt margin từ ngày 5/4 vì ghi nhận lỗ 7.558 tỷ đồng năm 2021. Nguyên nhân lỗ do tài trợ 6.072 tỷ đồng cho các hoạt động phòng chống Covid-19 và trích lập dự phòng 4.494 tỷ đồng để thanh toán cho các khoản phí trả cho các nhà cung cấp do kết thúc hợp đồng liên quan đến quyết định ngừng sản xuất xe để tập trung sang xe điện. Theo quy định, cổ phiếu của một công ty sẽ bị cắt margin khi ghi nhận lỗ trên BCTC bán niên hoặc BCTC năm.
KQKD bán niên nửa đầu năm.
Một trong những nguyên nhân giúp Vingroup có lãi trong nửa đầu năm là do doanh thu tài chính tăng gần 91% lên 21.090 tỷ đồng. Trong đó, đơn vị này đã ghi nhận lãi từ chuyển nhượng công ty con và các khoản đầu tư tài chính là 19.591 tỷ đồng, gấp 2 lần cùng kỳ. Ngoài ra, công ty còn ghi nhận thêm 4.976 tỷ đồng lãi từ các việc thanh lý tài sản. Tuy nhiên Vingroup đã phải chịu khoản lỗ ròng 1.180 tỷ đồng từ chênh lệch tỷ giá do có nhiều khoản nợ vay bằng USD.
Tại ngày 30/6, tổng tài sản của Vingroup đạt 528.958 tỷ đồng, tăng 23% so với đầu năm. Trong đó, các khoản tiền và tương đương tiền là 42.209 tỷ đồng, gấp 2,3 lần số ngày 31/12/2021. Hàng tồn kho tăng 61% lên 80.978 tỷ đồng, chủ yếu là do tăng khoản mục bất động sản để bán đang xây dựng dở dang tăng 80,4%.
Các khoản phải thu ngắn hạn 45% lên 104.422 tỷ đồng, tăng 45%. Trong đó phải thu ngắn hạn của khách hàng đạt 20.688 tỷ đồng. Người mua trả tiền trước là 62.718 tỷ đồng, gấp 2,9 lần số đầu năm. Doanh thu chưa thực hiện là 7.278 tỷ đồng.
Nợ vay tài chính ở mức 156.873 tỷ đồng, tăng 28,5% so với số đầu năm trong đó 70,7% là nợ dài hạn. Dư nợ trái phiếu là 57.115 tỷ đồng. Vốn chủ sở hữu đạt 132.043 tỷ đồng, thấp hơn tổng nợ vay.
",30-08-2022 - 14:28 PM,"['1. Mã chứng khoán: VIC\n- ""Tập đoàn Vingroup (HoSE: VIC) vừa công bố báo cáo tài chính soát xét bán niên với doanh thu thuần 31.623 tỷ đồng, giảm 48%.""\n- ""Nguyên nhân chủ yếu cho sự giảm doanh thu của tập đoàn do doanh thu chuyển nhượng bất động sản giảm 75,3% còn 9.058 tỷ đồng.""\n- ""Tuy nhiên, lợi nhuận sau thuế cổ đông công ty mẹ Vingroup vẫn đạt 5.846 tỷ đồng, tăng 63,8% so với cùng kỳ.""\n- ""Như vậy, cổ phiếu VIC sẽ chuẩn bị được giao dịch ký quỹ (margin) trở lại trong thời gian tới.""\n- ""Trước đó, mã này bị cắt margin từ ngày 5/4 vì ghi nhận lỗ 7.558 tỷ đồng năm 2021.""\n- ""Theo quy định, cổ phiếu của một công ty sẽ bị cắt margin khi ghi nhận lỗ trên BCTC bán niên hoặc BCTC năm.""\n\n2. Mã chứng khoán: Not specified']"
8,https://cafef.vn/thanh-khoan-san-hose-tiep-tuc-ha-nhiet-trong-thang-7-2022-cau-lac-bo-von-hoa-10-ty-usd-chi-con-3-don-vi-vic-vhm-va-vcb-20220802134159955.chn,"Thanh khoản sàn HoSE tiếp tục hạ nhiệt trong tháng 7/2022, câu lạc bộ vốn hoá 10 tỷ USD chỉ còn 3 đơn vị VIC, VHM và VCB","Thanh khoản thị trường cổ phiếu tháng ghi nhận giá trị và khối lượng giao dịch bình quân phiên lần lượt đạt trên 11.502 tỷ đồng và 492,90 triệu cổ phiếu, tương ứng giảm 20,84% về giá trị và 10% về khối lượng bình quân so với tháng 6.","Ghi nhận thông tin từ Sở GDCK Tp.HCM (HoSE), kết thúc phiên giao dịch cuối cùng của tháng 7/2022, chỉ số VN-Index đạt 1.206 điểm, tăng 0,73% so với tháng 6 và giảm 19,49% so với cuối năm 2021.
Riêng VN30 đạt 1.232 điểm, giảm 1,35% so với tháng 6 và giảm 19,78% so với cuối năm 2021.
Thanh khoản thị trường cổ phiếu tháng ghi nhận giá trị và khối lượng giao dịch bình quân phiên lần lượt đạt trên 11.502 tỷ đồng và 492,9 triệu cổ phiếu, tương ứng giảm 20,84% về giá trị và 10% về khối lượng bình quân so với tháng 6.
Tổng khối lượng giao dịch cổ phiếu đạt hơn 10,3 tỷ cổ phiếu với giá trị giao dịch đạt 241.545 tỷ đồng; tương ứng giảm 14,1% về khối lượng và 24,4% về giá trị so với tháng 6.
Trong đó, giá trị giao dịch của nhà đầu tư nước ngoài trong tháng đạt trên 36.203 tỷ đồng, chiếm 7,49% tổng giá trị giao dịch cả chiều mua và bán của toàn thị trường. Nhà đầu tư nước ngoài đã thực hiện mua ròng trong tháng với giá trị trên 332 tỷ đồng.
Quy mô thị trường trên HoSE tính đến hết ngày 29/7/2022, có 554 mã chứng khoán niêm yết trong đó gồm: 402 mã cổ phiếu, 2 mã chứng chỉ quỹ đóng, 9 mã chứng chỉ quỹ ETF, 137 mã chứng quyền có bảo đảm và 04 mã trái phiếu. Tổng khối lượng cổ phiếu đang niêm yết đạt trên 134 tỷ cổ phiếu. Giá trị vốn hóa niêm yết đạt hơn 4,79 triệu tỷ đồng, tăng 0,75% so với tháng trước, đạt khoảng 57% GDP năm 2021 (GDP theo giá hiện hành).
HoSE hiện có 43 doanh nghiệp có vốn hóa hơn 1 tỷ USD, trong đó 3 doanh nghiệp có vốn hóa trên 10 tỷ USD, bao gồm: Ngân hàng Thương mại cổ phần Ngoại thương Việt Nam (VCB), Công ty cổ phần Vinhomes (VHM) và Tập đoàn Vingroup (VIC).",02-08-2022 - 16:15 PM,"['Dựa trên nội dung bài viết, các mã chứng khoán được đề cập đến là:\n\n1. VN-Index\n2. VN30\n3. VCB (Ngân hàng Thương mại cổ phần Ngoại thương Việt Nam)\n4. VHM (Công ty cổ phần Vinhomes)\n5. VIC (Tập đoàn Vingroup)\n\nCâu liên quan đến các mã chứng khoán đó là:\n\n1. VN-Index: ""Kết thúc phiên giao dịch cuối cùng của tháng 7/2022, chỉ số VN-Index đạt 1.206 điểm, tăng 0,73% so với tháng 6 và giảm 19,49% so với cuối năm 2021.""\n2. VN30: ""Riêng VN30 đạt 1.232 điểm, giảm 1,35% so với tháng 6 và giảm 19,78% so với cuối năm 2021.""\n3. VCB: ""HoSE hiện có 43 doanh nghiệp có vốn hóa hơn 1 tỷ USD, trong đó 3 doanh nghiệp có vốn hóa trên 10 tỷ USD, bao gồm: Ngân hàng Thương mại cổ phần Ngoại thương Việt Nam (VCB).""\n4. VHM: ""HoSE hiện có 43 doanh nghiệp có vốn hóa hơn 1 tỷ USD, trong đó 3 doanh nghiệp có vốn hóa trên 10 tỷ USD, bao gồm: Công ty cổ phần Vinhomes (VHM).""\n5. VIC: ""HoSE hiện có 43 doanh nghiệp có vốn hóa hơn 1 tỷ USD, trong đó 3 doanh nghiệp có vốn hóa trên 10 tỷ USD, bao gồm: Tập đoàn Vingroup (VIC).""\n\n']"
9,https://cafef.vn/vic-hoi-phuc-ngoan-muc-cuoi-phien-vn-index-thu-hep-da-giam-xuong-con-hon-16-diem-20220711153018979.chn,"VIC hồi phục ngoạn mục cuối phiên, VN-Index thu hẹp đà giảm xuống còn hơn 16 điểm","Gây bất ngờ nhất trong phiên hôm nay là nhóm cổ phiếu ""họ VinGroup"" khi đổi màu nhanh chóng mặt.","Sau hai phiên hồi phục khá tích cực, thị trường chứng khoán lại có phiên giao dịch đầu tuần với những diễn biến không mấy tích cực. Áp lực bán thu hẹp trong phiên sáng giúp đà giảm của VN-Index thu hẹp trong phiên sáng dù sắc đỏ vẫn hiện hữu. Tuy nhiên, sang đến phiên chiều cục diện xoay chuyển khi lực bán bung ra dồn dập và lan tỏa mạnh đến nhiều nhóm cổ phiếu. Điều này khiến chỉ số có thời điểm phá thủng vùng đáy 1.449 điểm trong tuần qua trước khi thu hẹp đà giảm về cuối phiên.
Đà giảm mạnh trong phiên hôm nay chủ yếu đến từ diễn biến tiêu cực của nhóm Bluechips. Trong nhóm VN-30 hôm nay chỉ có duy nhất 2 mã duy trì sắc xanh, với biên độ tăng khá mỏng và 4 mã đứng tham chiếu, còn lại là sắc đỏ phủ bóng trong toàn bộ nhóm cổ phiếu. Trong đó, hàng loạt tác nhân giảm mạnh kéo tụt chỉ số, tiêu biểu nhất là hàng loạt mã ngân hàng như VPB, TCB, VCB khi đồng loạt lấy đi trên 1 điểm của chỉ số.
Gây bất ngờ nhất trong phiên hôm nay là nhóm cổ phiếu ""họ Vin"" khi đổi màu nhanh chóng mặt. Trước phiên ATC, bộ ba VIC, VHM và VRE là những tác nhân lớn nhất khiến thị trường chung lao dốc khi đồng loạt giảm sâu. Thậm chí VIC còn có thời điểm giảm gần hết biên độ xuống vùng giá sát đáy tháng 3/2020, VHM xuống dưới vùng đáy tháng 4 vừa qua và VRE chạm đáy tháng 5.
Tuy nhiên, lực cầu bất ngờ trong phiên ATC đã khiến nhóm này đổi màu trong phút chốc. Kết phiên, VIC từ giảm sàn xuống đứng tham chiếu, VHM cũng thu hẹp đà giảm xuống 0,5%, VRE giảm 1%. 
Nhóm ngân hàng phiên hôm nay chịu áp lực chốt lời mạnh mẽ. Trong toàn bộ nhóm chỉ duy nhất 3 mã duy trì đà tăng, còn lại đều đỏ lửa. Giảm mạnh nhất là TCB (-5,2%), VIB (-4,6%), TPB (-4,1%), VCB (-2,7%). Bên cạnh đó, hàng loạt các mã ngân hàng khác cũng giảm mạnh trên 1%.
Nhóm chứng khoán có diễn biến tương tự khi đà giảm vẫn chiếm xu hướng chủ đạo dù sự phân hóa vẫn diễn ra. Nhiều cổ phiếu giảm mạnh như HCM (-6,8%), VCI (-3,8%), VND (-2,7%). Bên cạnh đó, vẫn có cổ phiếu duy trì đà tăng khá tốt như SSI, CSI, AAS.
Đồng pha với diễn biến giá dầu, cổ phiếu dầu khí trong phiên hôm nay cũng giảm khá mạnh. Trong đó, BSR, PVT, PVC đồng loạt giảm sâu với biên độ trên 1%. Theo giới chuyên gia, diễn biến giá dầu, khí trong thời gian tới sẽ phụ thuộc lớn vào mức độ căng thẳng giữa Nga và Ukraine và các biện pháp cấm nhập khẩu dầu của EU. Vì vậy, nhà đầu tư đã giải ngân cổ phiếu tiếp tục nắm giữ cổ phiếu dầu khí và theo dõi sát diễn biến địa chính trị để đưa ra những hành động phù hợp.
Trong khi hầu hết các nhóm ngành đều có diễn biến tiêu cực, điểm sáng lại xuất hiện ở nhóm cổ phiếu xây dựng với loạt mã giao dịch tích cực. Đơn cử như VCG, FCN, CTD, PHC, C4G,... đều duy trì sắc xanh với mức tăng trên 1%. Nhóm cổ phiếu than cũng có những tín hiệu tích cực khi đồng loạt tăng điểm. Nổi bật nhất là NBC và TVD đều tăng trên 3,6%.
Kết thúc phiên giao dịch, VN-Index giảm 16 điểm (1,37%) xuống 1.155 điểm. HNX-Index giảm nhẹ 0,87 điểm xuống 277 điểm và UPCoM-Index giảm 0,71 điểm xuống 88 điểm. Thanh khoản trên HOSE vẫn khá thấp với giá trị khớp lệnh đạt 11.445 tỷ đồng trong phiên.
Giao dịch khối ngoại phiên hôm nay không có nhiều biến động khi nhà đầu tư nước ngoài chỉ mua ròng gần 400 triệu đồng trên toàn thị trường, trong đó họ mua ròng 5,7 tỷ đồng trên HOSE, bán ròng nhẹ 2,8 tỷ đồng trên HNX và bán ròng hơn 2,5 tỷ đồng trên UPCoM.",11-07-2022 - 16:24 PM,"['Dựa trên nội dung bài viết, dưới đây là danh sách mã chứng khoán và các câu liên quan đến mã chứng khoán đó:\n\n1. VN-30: ""Trong nhóm VN-30 hôm nay chỉ có duy nhất 2 mã duy trì sắc xanh, với biên độ tăng khá mỏng và 4 mã đứng tham chiếu, còn lại là sắc đỏ phủ bóng trong toàn bộ nhóm cổ phiếu.""\n2. VPB, TCB, VCB: ""Hàng loạt tác nhân giảm mạnh kéo tụt chỉ số, tiêu biểu nhất là hàng loạt mã ngân hàng như VPB, TCB, VCB khi đồng loạt lấy đi trên 1 điểm của chỉ số.""\n3. VIC, VHM, VRE: ""Trước phiên ATC, bộ ba VIC, VHM và VRE là những tác nhân lớn nhất khiến thị trường chung lao dốc khi đồng loạt giảm sâu.""\n4. TCB, VIB, TPB, VCB: ""Nhóm ngân hàng phiên hôm nay chịu áp lực chốt lời mạnh mẽ. Trong toàn bộ nhóm chỉ duy nhất 3 mã duy trì đà tăng, còn lại đều đỏ lửa. Giảm mạnh nhất là TCB (-5,2%), VIB (-4,6%), TPB (-4,1%), VCB (-2,7%).""\n5. HCM, VCI, VND: ""Nhóm chứng khoán có diễn biến tương tự khi đà giảm vẫn chiếm xu hướng chủ đạo dù sự phân hóa vẫn diễn ra. Nhiều cổ phiếu giảm mạnh như HCM (-6,8%), VCI (-3,8%), VND (-2,7%).""\n6. BSR, PVT, PVC: ""Đồng pha với diễn biến giá dầu, cổ phiếu dầu khí trong phiên hôm nay cũng giảm khá mạnh. Trong đó, BSR, PVT, PVC đồng loạt giảm sâu với biên độ trên 1%.""\n7. VCG, FCN, CTD, PHC, C4G: ""Trong khi hầu hết các nhóm ngành đều có diễn biến tiêu cực, điểm sáng lại xuất hiện ở nhóm cổ phiếu xây dựng với loạt mã giao dịch tích cực. Đơn cử như VCG, FCN, CTD, PHC, C4G,... đều duy trì sắc xanh với mức tăng trên 1%.""\n8. NBC, TVD: ""Nhóm cổ phiếu than cũng có những tín hiệu tích cực khi đồng loạt tăng điểm. Nổi bật nhất là NBC và TVD đều tăng trên 3,6%.""\n\nCác câu không liên quan đến mã chứng khoán: ""Sau hai phiên hồi phục khá tích cực, thị trường chứng khoán lại có phiên giao dịch đầu tuần với những diễn biến không mấy tích cực."" và ""Kết thúc phiên giao dịch, VN-Index giảm 16 điểm (1,37%) xuống 1.155 điểm. HNX-Index giảm nhẹ 0,87 điểm xuống 277 điểm và UPCoM-Index giảm 0,71 điểm xuống 88 điểm. Thanh khoản trên HOSE vẫn khá thấp với giá trị khớp lệnh đạ', 'Câu trả lời dựa trên nội dung bài viết:\n\n1. Not specified\n2. Not specified']"
