,title,time,result
0,"HPG tăng vùn vụt, ông Trần Đình Long bỏ túi thêm gần 3.000 tỷ, giá trị cổ phiếu đứng tên cá nhân sở hữu ""giàu"" vượt ông Phạm Nhật Vượng",25-06-2023 - 08:08 AM,70.0
1,"Tầng lớp trung lưu đang gia tăng, 1 doanh nghiệp trong hệ sinh thái của ông Phạm Nhật Vượng được kỳ vọng hưởng lợi lớn",21-06-2023 - 09:14 AM,70.0
2,Ông Phạm Nhật Vượng và các tỷ phú Việt giàu cỡ nào?,16-06-2023 - 16:25 PM,75.0
3,"Ông Phạm Nhật Vượng kêu gọi ‘xe tốt – giá tốt – dịch vụ hậu mãi cực tốt’, VinFast tiếp tục công bố hậu mãi đặc biệt: Trả khách 'tiền tươi’ nếu xe gặp lỗi do nhà sản xuất",14-06-2023 - 15:47 PM,65.0
4,"Chưa chính thức chào bán, Vinfast VF3 của tỷ phú Phạm Nhật Vượng đã được trang tin nước ngoài khen ngợi: Đến người Mỹ cũng phải ghen tị",11-06-2023 - 10:09 AM,78.0
5,GSM của tỷ phú Phạm Nhật Vượng sắp mở dịch vụ xe ôm công nghệ bằng điện đầu tiên trên thế giới?,05-06-2023 - 20:22 PM,68.0
6,"Tư duy 'bắt trend' đỉnh cao của tỷ phú Phạm Nhật Vượng: mở công ty GSM đối tác 'chốt đơn' xe điện ầm ầm, ngày xe điện phủ sóng Việt Nam không còn xa",03-06-2023 - 00:01 AM,78.0
7,Bộ GTVT đồng ý cho hãng taxi điện của ông Phạm Nhật Vượng được hoạt động ở các sân bay,01-06-2023 - 10:40 AM,65.0
8,"Trường đại học đạt chuẩn quốc tế ""Made in Vietnam"" của tỷ phú Phạm Nhật Vượng: Đầu tư ‘khủng’ 6.500 tỷ đồng nhưng tuyên bố hoạt động phi lợi nhuận",23-05-2023 - 09:35 AM,75.0
9,Xe điện mini có gì hấp dẫn mà ông Phạm Nhật Vượng khẩn trương tham gia?,19-05-2023 - 13:45 PM,68.0
10,"VinFast của ông Phạm Nhật Vượng vừa tuyên bố làm xe điện siêu nhỏ, đã có đối thủ tới từ Trung Quốc sẵn sàng vào thị trường Việt Nam",17-05-2023 - 19:35 PM,45.0
11,"Chủ tịch Phạm Nhật Vượng lần đầu chia sẻ về lý do làm Vinfast: ""Nếu chỉ vì tiền, Vingroup không dại gì làm ôtô""",17-05-2023 - 14:20 PM,90.0
12,"Tỷ phú Phạm Nhật Vượng: Chỉ cần sản phẩm tốt, người Việt sẽ ủng hộ xe điện VinFast",17-05-2023 - 13:39 PM,75.0
13,Ông Phạm Nhật Vượng nói gì về kế hoạch chia sẻ trạm sạc xe điện?,17-05-2023 - 12:45 PM,75.0
14,"Ông Phạm Nhật Vượng: “Giá VIC rất thấp so với giá trị thực, anh chỉ mất khi anh bán, chưa bán thì chưa mất gì cả”",17-05-2023 - 11:38 AM,90.0
15,Ông Phạm Nhật Vượng: “VinFast sắp ra mắt xe siêu nhỏ nhưng rất đẹp”,17-05-2023 - 10:41 AM,85.0
16,"Chủ tịch Phạm Nhật Vượng: ""VinFast sẽ sớm mang lại niềm vui tài chính cho mọi người""",17-05-2023 - 09:16 AM,65.0
17,"Chỉ với 3.500 xe điện chạy taxi, công ty này vừa gọi vốn thành công 1.000 tỷ đồng: Taxi Xanh SM của tỷ phú Phạm Nhật Vượng hoàn toàn “có cửa”",04-05-2023 - 13:52 PM,68.0
18,"Sau 51 ngày thần tốc, taxi ""Phạm Nhật Vượng"" tuyển 1.700 nhân viên, 400.000 người tải app, cùng các hãng taxi phủ xanh 5 thành phố",01-05-2023 - 08:58 AM,75.0
19,"Toàn dân vừa nghỉ lễ, hãng taxi điện của ông Phạm Nhật Vượng đã có mặt tại sân bay Nội Bài",29-04-2023 - 06:03 AM,70.0
20,"Én Vàng Taxi mua + thuê 150 xe điện từ công ty của ông Phạm Nhật Vượng, mở dịch vụ taxi điện đầu tiên ở Hải Phòng",28-04-2023 - 15:43 PM,65.0
21,"Trang tin Mỹ nói gì về việc tỷ phú Phạm Nhật Vượng tài trợ 1 tỷ USD tài sản cá nhân cho VinFast dù trước đó được cho là ''chưa có kế hoạch''?
",28-04-2023 - 11:00 AM,70.0
22,"Hơn 10 tỷ USD mà ông Phạm Nhật Vượng và Vingroup ""bơm"" cho VinFast bao gồm những gì?",28-04-2023 - 07:42 AM,68.0
23,Cận cảnh hàng trăm taxi điện của tỉ phú Phạm Nhật Vượng tại TP HCM,27-04-2023 - 15:27 PM,65.0
24,"Taxi điện của tỷ phú Phạm Nhật Vượng tiếp tục tuyển bổ sung tài xế tại Huế, chuẩn bị mở rộng ""địa bàn"": Lái xe sang lương 11 triệu đồng với yêu cầu cao, nhưng nhiều người cùng thắc mắc 1 điều ",27-04-2023 - 15:04 PM,63.0
25,Ông Phạm Nhật Vượng tài trợ 1 tỷ USD cho VinFast từ nguồn tài sản cá nhân,26-04-2023 - 17:06 PM,90.0
26,Lãnh đạo Vinasun nói không ngại cạnh tranh với taxi điện của tỉ phú Phạm Nhật Vượng,25-04-2023 - 14:28 PM,55.0
27,Taxi điện của ông Phạm Nhật Vượng bắt đầu chạy thử nghiệm tại TP.HCM từ tuần sau,22-04-2023 - 13:29 PM,70.0
28,"Vừa ra mắt 7 ngày, taxi điện của ông Phạm Nhật Vượng đã tuyển bổ sung tài xế: Lái xe hạng sang lương 14 triệu có nhiều yêu cầu khác biệt bất ngờ so với hạng tiêu chuẩn",21-04-2023 - 16:05 PM,75.0
29,"Vinasun tái sinh mạnh trước khi taxi ""Phạm Nhật Vượng"" nhập cuộc thị trường TP. HCM: Lãi gấp 8 lần, cứ 5 giây có 1 người đặt app",20-04-2023 - 07:00 AM,70.0
30,CEO Vingroup chia sẻ tham vọng phát triển công ty taxi điện GSM của tỷ phú Phạm Nhật Vượng là vươn tầm châu Á,18-04-2023 - 17:09 PM,75.0
31,Taxi điện của tỉ phú Phạm Nhật Vượng bất ngờ xuất hiện tại TP HCM,18-04-2023 - 14:35 PM,70.0
32,"CEO Taxi ""Phạm Nhật Vượng"" tiết lộ con số khủng ngày chính thức ra mắt: Dự án nghìn tỷ làm trong 38 ngày, năm nay chạy 10.000 xe",14-04-2023 - 19:36 PM,64.0
33,Winmart chưa thể cắt lỗ sau thương vụ 'sang tay' từ tỷ phú Phạm Nhật Vượng,14-04-2023 - 18:48 PM,35.0
34,"Taxi Xanh SM của ông Phạm Nhật Vượng vừa ra mắt chưa đầy 24h, phản ứng của người dùng: “Tiền nào của nấy”",14-04-2023 - 14:29 PM,62.0
35,"Hãng taxi điện của ông Phạm Nhật Vượng chính thức vận hành tại Hà Nội: quy mô ban đầu 500 xe VF e34, 100 xe VF8, sẽ ‘Nam tiến’ ngay trong tháng này",14-04-2023 - 12:43 PM,50
36,"Sau khi ông Phạm Nhật Vượng gia nhập ngành, 1 công ty xây dựng cũng bơm vốn quyết đấu ở sân chơi taxi",13-04-2023 - 00:50 AM,50
37,Doanh số VF e34 tăng vọt sau khi tỷ phú Phạm Nhật Vượng lập hãng taxi điện,10-04-2023 - 10:46 AM,50
38,Tỷ phú Phạm Nhật Vượng: ‘Chúng ta chỉ có thể giành được thắng lợi nếu chấp nhận hy sinh’,09-04-2023 - 22:26 PM,50
39,"Hãng taxi điện của ông Phạm Nhật Vượng chính thức vận hành từ 14/4, giá cước từ 14.000 đồng/km",08-04-2023 - 09:56 AM,50
40,Chủ tịch Phạm Nhật Vượng tiết lộ mấu chốt giúp Vingroup có thể thành công chinh phục thế giới,07-04-2023 - 19:18 PM,50
41,"Chỉ 4 tiếng lên App Store, ứng dụng đặt taxi điện VinFast của công ty ông Phạm Nhật Vượng đã dẫn đầu lượt tải một danh mục",07-04-2023 - 10:16 AM,50
42,"Thử trải nghiệm taxi điện VinFast của ông Phạm Nhật Vượng: Ứng dụng tương tự Be, Grab..., khách hàng được trải nghiệm tính năng đặc biệt chỉ mình VinFast có",05-04-2023 - 16:59 PM,50
43,"Ahamove mua 200 xe VinFast để mở dịch vụ cho thuê xe máy điện đầu tiên tại Việt Nam, sẽ thuê 1.000 xe từ công ty riêng của ông Phạm Nhật Vượng",31-03-2023 - 14:36 PM,50
44,"Việt Nam có 'cơn sốt' taxi điện của ông Phạm Nhật Vượng còn đây là loại hình taxi đang khiến cả thế giới 'đứng ngồi không yên', ông lớn rót hàng tỷ USD để giành thị phần",31-03-2023 - 10:02 AM,50
45,"Công ty taxi điện của ông Phạm Nhật Vượng tìm đối tác tài xế Greencar Luxury VF8: Lương gần 14 triệu đồng, có khả năng nói tiếng Anh và cao từ 1m70 trở lên",30-03-2023 - 07:29 AM,50
46,Ông Phạm Nhật Vượng cùng loạt tỷ phú USD nhận lương 0 đồng,29-03-2023 - 14:44 PM,50
47,"'Miếng bánh' gọi xe công nghệ rơi vào tay ông lớn ngoại, công ty của ông Phạm Nhật Vượng hợp sức với Be liệu có vẽ lại thị trường?",29-03-2023 - 09:25 AM,50
48,"Hãng taxi điện của tỷ phú Phạm Nhật Vượng tuyển tài xế với tiêu chuẩn ngoại hình tương đương nhân viên ngân hàng: Cao trên 1,65m, không hình xăm lộ",27-03-2023 - 15:46 PM,50
49,"Dạy con HAY như tỷ phú Việt: Ông Phạm Nhật Vượng yêu cầu con bốc gạch cả mùa hè để kiếm tiền; ‘vua thép’ ghét chuyện con ông cháu cha, ép con phải ‘tự thân vận động’",27-03-2023 - 14:01 PM,50
50,Taxi điện của tỉ phú Phạm Nhật Vượng sẽ có mặt ở 5 thành phố lớn trong năm nay,25-03-2023 - 15:25 PM,50
51,"Ông Phạm Nhật Vượng hoàn tất chuyển 50,8 triệu cổ phiếu VIC cho GSM, Vingroup có thêm cổ đông tổ chức mới",25-03-2023 - 10:07 AM,50
52,"CEO 9x được ông Phạm Nhật Vượng chọn: 'Taxi điện GSM ra đời để người dùng đích thân trải nghiệm xe điện VinFast, không phải 'nghe nói' nữa'",24-03-2023 - 15:32 PM,50
53,"Chuyên gia giải mã thương vụ GSM của tỷ phú Phạm Nhật Vượng đầu tư vào Be Group, chỉ ra mấu chốt quyết định 90% khả năng thành công",24-03-2023 - 15:06 PM,50
54,"Chiêu mộ với mức lương và hoa hồng khủng, đãi ngộ dành cho tài xế lái taxi điện của công ty ông Phạm Nhật Vượng có gì khác các hãng taxi truyền thống?",24-03-2023 - 14:20 PM,50
55,Đội xe taxi điện của ông Phạm Nhật Vượng sẽ gồm những mẫu nào?,22-03-2023 - 20:28 PM,50
56,"Lộ diện chiếc ô tô điện sẽ được tỷ phú Phạm Nhật Vượng dùng làm dịch vụ taxi: Mẫu mã, màu sắc ra sao?",22-03-2023 - 15:28 PM,50
57,"Trước khi được công ty taxi của ông Phạm Nhật Vượng đầu tư, Be Group đang chạy đua với Grab, Gojek ra sao?",22-03-2023 - 15:13 PM,50
58,Tiết lộ sở thích khó bỏ của tỷ phú Phạm Nhật Vượng và Đặng Lê Nguyên Vũ: Đi đôi giày 75.000 đồng nhưng ‘vua cà phê’ sẵn sàng chi 5 tỷ USD để đầu tư vào đây,22-03-2023 - 14:26 PM,50
59,"Để hưởng mức lương cứng 11 triệu đồng và 25% hoa hồng, tài xế làm việc cho công ty taxi điện của ông Phạm Nhật Vượng phải đáp ứng những yêu cầu gì?",22-03-2023 - 11:15 AM,50
60,"Nóng: Công ty GSM của tỷ phú Phạm Nhật Vượng bất ngờ đầu tư vào Be Group, hỗ trợ tài xế chuyển sang xe điện",21-03-2023 - 14:13 PM,50
61,Nói là làm – công ty taxi điện của ông Phạm Nhật Vượng bắt đầu đào tạo tài xế ngay từ ngày mai,17-03-2023 - 21:42 PM,50
62,"Ông Phạm Nhật Vượng thành lập công ty taxi điện, các hãng taxi truyền thống liền đua nhau chiêu mộ tài xế",17-03-2023 - 13:05 PM,50
63,Tỷ phú Phạm Nhật Vượng chuyển nhượng 50 triệu cổ phiếu Vingroup để góp vốn,15-03-2023 - 19:24 PM,50
64,"""Công thức"" chung của tỷ phú Phạm Nhật Vượng khi chọn sếp trẻ cho các doanh nghiệp của mình",15-03-2023 - 15:12 PM,50
65,"Công ty GSM của ông Phạm Nhật Vượng công bố bảng giá dịch vụ cho thuê xe điện VinFast: Thấp nhất 9,5 triệu/tháng với VF5",15-03-2023 - 09:32 AM,50
66,"9X xóm ngụ cư được tỷ phú Phạm Nhật Vượng “chọn mặt gửi vàng” làm CEO của GSM: 18 tuổi thành lập nhà máy dệt riêng, 27 tuổi đầu quân cho Vingroup, là nhân tài được Forbes vinh danh",15-03-2023 - 07:00 AM,50
67,"CEO 9X được ông Phạm Nhật Vượng chọn cho công ty cho thuê xe và taxi: Bỏ học đại học, kinh qua 9 công ty, lọt danh sách Forbes Under 30 Asia năm 2022",14-03-2023 - 16:27 PM,50
68,"Ông Phạm Nhật Vượng kêu gọi 'xe tốt - giá tốt - dịch vụ hậu mãi cực tốt', VinFast lập tức triển khai xưởng dịch vụ 'không ngày nghỉ' - phục vụ từ sáng đến 21h, 'tăng bo' luôn cả chủ nhật",13-03-2023 - 11:35 AM,50
69,Tỉ phú Phạm Nhật Vượng sẽ thay đổi cuộc chơi trên thị trường taxi?,11-03-2023 - 21:19 PM,50
70,Bức tranh thị trường taxi Việt ra sao trước khi ‘tân binh’ 3.000 tỷ của ông Phạm Nhật Vượng gia nhập?,11-03-2023 - 09:34 AM,50
71,"Công ty taxi điện của ông Phạm Nhật Vượng tìm đối tác tài xế: cam kết lương cứng lên đến 11 triệu đồng, hoa hồng 25% tổng doanh thu tháng",09-03-2023 - 17:42 PM,50
72,"Liên tục rót vài chục nghìn tỷ thành lập mới, tỷ phú Phạm Nhật Vượng đang sở hữu những công ty gì?",07-03-2023 - 00:57 AM,50
73,Ông Phạm Nhật Vượng thành lập công ty vốn 3.000 tỷ cung cấp dịch vụ cho thuê xe và taxi điện VinFast,06-03-2023 - 16:01 PM,50
74,Chủ tịch Phạm Nhật Vượng: 'VinFast là dự án kinh doanh nhưng được lập ra với một sứ mệnh cao cả',03-03-2023 - 20:43 PM,50
75,Bài học lớn từ tỷ phú Phạm Nhật Vượng của CEO startup dịch vụ hỗ trợ TMĐT số 1 Việt Nam,15-02-2023 - 10:30 AM,50
76,Ô tô điện ‘Make in Vietnam’ hiện thực hóa giấc mơ ‘cắm cờ trên đất Mỹ’ của tỷ phú Phạm Nhật Vượng,30-12-2022 - 00:02 AM,50
77,Bản đồ các tỷ phú giàu nhất mỗi quốc gia/vùng lãnh thổ: Ông Phạm Nhật Vượng được xướng tên,28-12-2022 - 14:46 PM,50
78,"Viet Vision - công ty do Hà Anh Tuấn đứng sau: Làm nhạc cho giải thưởng VinFuture của tỷ phú Phạm Nhật Vượng, ""đại gia"" Masterise, Trung Nguyên tín nhiệm",20-12-2022 - 14:12 PM,50
79,"Giáo sư gốc Việt của Hội đồng Sơ khảo VinFuture: Tỷ phú trên thế giới không thiếu, nhưng có bao nhiêu người làm những việc như anh Phạm Nhật Vượng?",18-12-2022 - 09:42 AM,50
80,"Ông Phạm Nhật Vượng ""mất"" gần 21.000 tỷ chỉ sau 1 tuần, ông Trần Đình Long ''gỡ"" lại vị trí người giàu thứ 2 TTCK, người nhà VPBank thăng hạng",18-12-2022 - 07:46 AM,50
81,Xe điện giá rẻ nhất của ông Phạm Nhật Vượng nhận bao nhiêu đơn đặt hàng ngày mở bán?,11-12-2022 - 10:05 AM,50
82,Hé lộ tâm thư ông Phạm Nhật Vượng viết gửi nhà đầu tư trong hồ sơ IPO tại Mỹ của VinFast,07-12-2022 - 11:42 AM,50
83,Bên trong con tàu khổng lồ dài 183m chở 'giấc mơ Mỹ' của ông Phạm Nhật Vượng,26-11-2022 - 13:06 PM,50
84,Vì sao ông Phạm Nhật Vượng đổ nghìn tỷ xây liền 2 nhà máy pin trong chưa đầy một năm?,22-11-2022 - 10:29 AM,50
85,Ông Phạm Nhật Vượng xuất khẩu xe điện sang Mỹ ngày 25/11,21-11-2022 - 11:20 AM,50
86,"Tỷ phú Phạm Nhật Vượng đã chuyển nhượng hơn 243 triệu cổ phiếu VIC cho VMI, Vingroup có cổ đông lớn mới",18-11-2022 - 19:43 PM,50
87,"Thăng trầm tài sản các tỷ phú đô la Việt Nam từ 2020 đến nay: Ông Phạm Nhật Vượng ""bay"" một nửa so với đỉnh, ông Trần Đình Long 2 lần ""rớt"" khỏi danh sách",12-11-2022 - 13:19 PM,50
88,Công ty mới của ông Phạm Nhật Vượng điều chỉnh mỗi suất đầu tư còn 38 triệu đồng,09-11-2022 - 14:12 PM,50
89,CATL - 'ông trùm pin' vừa ký thỏa thuận với ông Phạm Nhật Vượng 'mạnh' tới cỡ nào?,01-11-2022 - 08:36 AM,50
90,Ông Phạm Nhật Vượng sang Nhật Bản ký hợp tác chiến lược phát triển xe điện cùng CATL,31-10-2022 - 16:04 PM,50
91,Bộ Công an: Ông Phạm Nhật Vượng không nằm trong danh sách cấm xuất cảnh,29-10-2022 - 18:58 PM,50
92,Vinhomes hé mở cụ thể việc hợp tác với công ty VMI của ông Phạm Nhật Vượng để bán BĐS cho nhà đầu tư vốn nhỏ,25-10-2022 - 15:16 PM,50
93,CEO VMI phản biện các nghi ngờ về công ty BĐS mới lập của ông Phạm Nhật Vượng,13-10-2022 - 07:14 AM,50
94,Công ty BĐS mới lập của ông Phạm Nhật Vượng được hứa hẹn sinh lời ra sao?,08-10-2022 - 10:23 AM,50
95,Vì sao tỷ phú Phạm Nhật Vượng có thể góp vốn bằng cổ phiếu VIC vào VMI?,07-10-2022 - 12:24 PM,50
96,Công ty BĐS mới lập của ông Phạm Nhật Vượng có giống quỹ tín thác đầu tư BĐS (REIT)?,07-10-2022 - 08:47 AM,50
97,Hé lộ những cổ đông công ty 18.000 tỷ vừa được tỷ phú Phạm Nhật Vượng thành lập,07-10-2022 - 07:20 AM,50
98,Mô hình kinh doanh độc đáo của công ty vốn 18.000 tỷ vừa được ông Phạm Nhật Vượng thành lập: Mua sản phẩm Vinhomes rồi chia thành 50 phần bán cho NĐT vốn nhỏ,06-10-2022 - 10:41 AM,50
99,"Tỷ phú Phạm Nhật Vượng lấy lại khối tài sản gần 10.000 tỷ chỉ sau 2 ngày, cổ phiếu bất động sản đồng loạt khởi sắc",05-10-2022 - 18:18 PM,50
100,"Tỉ phú Phạm Nhật Vượng không nhận thù lao, nhưng có thể đạt thu nhập ngàn tỉ từ cổ tức?",03-09-2022 - 19:06 PM,50
101,Ông Phạm Nhật Vượng nhận thù lao 0 đồng,30-08-2022 - 19:15 PM,70.0
102,"Tung tin giả về tỷ phú Phạm Nhật Vượng, phải bồi thường nếu gây thiệt hại cho thị trường chứng khoán",12-07-2022 - 16:15 PM,75.0
103,"Xác minh nhiều cá nhân thông tin ông Phạm Nhật Vượng, Chủ tịch Vingroup bị cấm xuất nhập cảnh",11-07-2022 - 16:11 PM,0.0
104,"Dạy con ""thành tài"" như tỷ phú Phạm Nhật Vượng: Cho con bốc gạch để kiếm tiền, ăn cơm xong tự dọn chứ không ai phục vụ, làm không được thì xuống chức",19-06-2022 - 12:39 PM,63.0
105,"Forbes công bố danh sách những người giàu nhất hành tinh, tỷ phú Phạm Nhật Vượng đứng ở đâu?",17-06-2022 - 16:19 PM,65.0
106,"Đọ khả năng kiếm tiền về cho tỷ phú Phạm Nhật Vượng của 3 cổ phiếu lớn ""họ nhà Vin"" trên sàn chứng khoán",23-05-2022 - 10:07 AM,70.0
107,Tỷ phú Phạm Nhật Vượng: Câu chuyện IPO của Vinfast nhằm khẳng định vị thế trên thị trường quốc tế,17-05-2022 - 15:01 PM,75.0
108,"Ông Phạm Nhật Vượng nói thế giới ‘đang rất thiếu chứ không thừa xe điện, nếu có xe có thể bán rất nhanh’ - thực tế ra sao?",12-05-2022 - 10:27 AM,78.0
109,"Tỷ phú Phạm Nhật Vượng: Chúng tôi không chia lô bán nền, không làm dự án ảo, không chụp giật, mà càng làm thì càng tạo ra giá trị",11-05-2022 - 14:21 PM,90.0
110,"Ông Phạm Nhật Vượng: 600.000 xe điện VinFast sẽ xuất khẩu sang Mỹ vào năm 2026, đề xuất loạt ưu đãi mời các nhà sản xuất chip mở nhà máy tại Việt Nam",11-05-2022 - 13:11 PM,78.0
111,"Tỷ phú Phạm Nhật Vượng: Chúng tôi mời các nhà sản xuất chip về mở nhà máy ở Việt Nam, ưu đãi miễn tiền thuê đất, thuê nhà xưởng 10-15 năm",11-05-2022 - 13:11 PM,78.0
112,"Vì sao ông Phạm Nhật Vượng nói 'mục tiêu cao nhất cho đợt IPO này không phải là tài chính, mà là đưa VinFast ra thị trường toàn cầu'?",10-04-2022 - 11:26 AM,79.0
113,"Từ vắt mì dựng nên đế chế lẫy lừng: Đây là những doanh nhân hàng đầu Việt Nam khởi nghiệp bằng mì gói, Chủ tịch Phạm Nhật Vượng cũng góp mặt",28-03-2022 - 14:20 PM,72.0
114,"Vì sao đầu tư rất nhiều sân golf đẹp nhưng tỷ phú Phạm Nhật Vượng lại thấy golf là bộ môn ""khó nhằn""?",22-03-2022 - 16:26 PM,45.0
115,Đặt Phạm Nhật Quân Anh làm phó chủ tịch VinFast bên cạnh 2 nữ tướng lão làng: Ngẫm về cách dạy con trai đặc biệt của tỷ phú Phạm Nhật Vượng,11-03-2022 - 09:46 AM,60.0
116,Hé lộ bất ngờ: Đại thiếu gia Phạm Nhật Quân Anh nhà tỷ phú Phạm Nhật Vượng đang làm gì tại Vingroup?,10-03-2022 - 12:20 PM,60.0
117,"Xăng ngày càng đắt, cơ hội để xe điện của tỷ phú Phạm Nhật Vượng đánh chiếm thị trường?",09-03-2022 - 14:15 PM,70.0
118,"Những ""bông hồng gai"" bên cạnh tỷ phú Phạm Nhật Vượng là ai và giàu cỡ nào?",08-03-2022 - 14:49 PM,70.0
119,"Nghệ sĩ Xuân Hinh bất ngờ khoe ảnh chụp cùng tỷ phú Phạm Nhật Vượng 30 năm về trước: CDM tấm tắc khen ""trông trẻ chẳng khác gì bây giờ!""",05-03-2022 - 15:49 PM,68.0
120,"1 tuần lễ đầy ""phong ba bão táp"" của vợ chồng tỷ phú Phạm Nhật Vượng",27-02-2022 - 18:37 PM,40.0
121,"Dù bận rộn nhưng tỷ phú Bill Gates, Phạm Nhật Vượng hay Shark Hưng vẫn chăm chỉ đọc sách, tuy vậy đọc thế nào cho đúng không phải ai cũng biết!",27-02-2022 - 11:40 AM,60.0
122,Bất ngờ tìm ra điểm chung thú vị giữa phu nhân chủ tịch Phạm Nhật Vượng và nữ hoàng mía đường Huỳnh Bích Ngọc,18-02-2022 - 21:41 PM,55.0
123,Sự giống nhau thú vị khi làm ô tô của 2 tỷ phú Elon Musk và Phạm Nhật Vượng,18-02-2022 - 17:35 PM,75.0
124,"Người ""soán ngôi"" vợ tỷ phú Phạm Nhật Vượng trong top giàu nhất Việt Nam là ai?",14-02-2022 - 19:20 PM,64.0
125,"Tài sản của tỷ phú Phạm Nhật Vượng xuống dưới 180.000 tỷ đồng, thấp nhất 16 tháng",12-02-2022 - 15:21 PM,45.0
126,"Nếu có con số này trong ngày sinh như tỷ phú Phạm Nhật Vượng, bạn dễ giàu có và thành công hơn người khác",09-02-2022 - 15:14 PM,60.0
127,Chủ tịch nước Nguyễn Xuân Phúc ngồi hàng ghế sau xe điện Vinfast do tỷ phú Phạm Nhật Vượng cầm lái: Nhìn lại lần thủ tướng 94 tuổi của Malaysia thử xe Made in Vietnam và giấc mơ ô tô dang dở của nước bạn,27-01-2022 - 09:18 AM,68.0
128,Chủ tịch nước Nguyễn Xuân Phúc ngồi hàng ghế sau VinFast VF8 do tỷ phú Phạm Nhật Vượng cầm lái tại Hải Phòng,26-01-2022 - 13:37 PM,65.0
129,"Dàn nữ tướng hùng hậu của tỷ phú Phạm Nhật Vượng: Phu nhân và em vợ làm Phó chủ tịch, đội ngũ nữ quản lý cấp cao tài năng và thâm niên",22-01-2022 - 10:52 AM,75.0
130,"Từ sự hiện diện lần đầu tiên của phu nhân tỷ phú Phạm Nhật Vượng, nhìn lại bóng hồng đằng sau những nhân vật quyền lực nhất giới kinh doanh toàn cầu",22-01-2022 - 08:46 AM,60.0
131,"Khoảnh khắc ""hiếm"" của vợ chồng tỷ phú Phạm Nhật Vượng trên sóng truyền hình: Người giàu nhất Việt Nam cực ân cần, chu đáo với vợ!",21-01-2022 - 16:36 PM,75.0
132,"Bất ngờ tìm ra mối liên hệ giữa bà Phạm Thu Hương, vợ tỷ phú Phạm Nhật Vượng với bất động sản có vị trí rất đắc địa, ngay phố Bà Triệu, gần TTTM Vincom",21-01-2022 - 15:42 PM,55.0
133,"Chuyện ""khởi nghiệp"" của con cả ông Phạm Nhật Vượng: Từ bốc gạch đến lên-xuống ở tập đoàn",21-01-2022 - 15:27 PM,75.0
134,"Bí mật chiếc áo dài vợ tỷ phú Phạm Nhật Vượng diện trong lần đầu tiên xuất hiện, ý nghĩa sâu xa gây bất ngờ",21-01-2022 - 14:15 PM,68.0
135,1 HÀNH ĐỘNG vô cùng tinh tế tỷ phú Phạm Nhật Vượng đã làm cho vợ trong buổi tiệc của VinFuture,21-01-2022 - 11:58 AM,73.0
136,Ngẫm cách dạy con của vợ chồng tỷ phú Phạm Nhật Vượng - Phạm Thu Hương để hiểu sự khác biệt trong tư duy giữa người giàu và người nghèo,21-01-2022 - 11:32 AM,65.0
137,"Những lần hiếm hoi tỷ phú Phạm Nhật Vượng nói về gia đình: Luôn dạy các con yêu lao động, con gái ăn cơm xong phải tự dọn bát, làm việc nhà",21-01-2022 - 10:28 AM,75.0
138,"Thuở hàn vi buôn áo gió, mở nhà hàng, bán mì gói của vợ chồng tỷ phú Phạm Nhật Vượng - Phạm Thu Hương ở Liên Xô",21-01-2022 - 07:15 AM,75.0
139,3 nhà khoa học tác giả công nghệ vaccine mRNA nhận giải thưởng 3 triệu USD từ quỹ VinFuture của ông Phạm Nhật Vượng,20-01-2022 - 23:22 PM,95.0
140,"Chữ ký của vợ chồng tỷ phú Phạm Nhật Vượng, Phạm Thu Hương có gì đặc biệt?",18-01-2022 - 16:51 PM,65.0
141,"'Món quà' đặc biệt 100 tỷ ông Phạm Nhật Vượng gửi thế giới: 2 kỷ lục, 2 đột phá",18-01-2022 - 15:34 PM,85.0
142,Tiết lộ 'nóng' từ chủ tịch hội đồng giải thưởng cực lớn do tỷ phú Phạm Nhật Vượng sáng lập,18-01-2022 - 08:04 AM,65.0
143,"Nhìn lại những lần phải mạnh tay ""chịu thua và chấp nhận bỏ"" của Chủ tịch Vingroup Phạm Nhật Vượng",17-01-2022 - 21:45 PM,65.0
144,Bao giờ VinFast có lãi? Nghe thử tính toán của Chủ tịch Phạm Nhật Vượng thì biết,17-01-2022 - 14:19 PM,30.0
145,"""Dùng nghèo để nuôi con trai"", Chủ tịch Vingroup Phạm Nhật Vượng: ""Làm tốt, tôi sẽ tạo sân chơi hết sức. Còn không được, vui lòng tránh ra để người khác làm!""",17-01-2022 - 13:51 PM,75.0
146,Động thái bỏ xe xăng của Chủ tịch Vingroup Phạm Nhật Vượng: Dứt khoát bỏ nhưng dự trù linh kiện cho tất cả dòng xe xăng VinFast đến hết vòng đời,17-01-2022 - 11:45 AM,75.0
147,Cựu Phó Tổng Giám đốc Vinaphone trẻ nhất lịch sử tiết lộ về dự án viễn thông 2 tỷ USD của tỷ phú Phạm Nhật Vượng,13-01-2022 - 07:01 AM,68.0
148,"Trương Huệ Vân - ái nữ của một gia tộc bề thế không thua gì ông Phạm Nhật Vượng, dù lừng lẫy trên thương trường nhưng đời tư cực kín tiếng",08-01-2022 - 09:34 AM,45.0
149,"Lời giải cho bài toán thời đại 4.0 nhưng DN sản xuất mới ở 1.0: Chuyện ông Phạm Nhật Vượng sang Mỹ, sếu đầu đàn và cửa sổ công nghệ!",29-12-2021 - 09:42 AM,75.0
150,Pha ‘cắm cờ’ chưa từng có của ông Phạm Nhật Vượng trên đất Mỹ,26-12-2021 - 07:08 AM,78.0
151,"Shark Bình giải thích nghịch lý: Vì sao người trẻ đòi ‘nghỉ hưu sớm”, còn các tỷ phú như Phạm Nhật Vượng, Trần Đình Long,... vẫn miệt mài làm việc?",23-12-2021 - 11:18 AM,75.0
152,"Ông Phạm Nhật Vượng được Forbes vinh danh ""Anh hùng từ thiện"" châu Á",14-12-2021 - 18:00 PM,70.0
153,"Ông Phạm Nhật Vượng khẳng định VinFast cạnh tranh xe xăng, không đối đầu xe điện nhưng muốn ""cắm cờ"" tại Mỹ, VF e35 vẫn phải dè chừng những đối thủ này",21-11-2021 - 13:07 PM,45.0
154,"Cách đây 5 năm, tỷ phú Phạm Nhật Vượng trả lời ra sao khi nhận được lời khuyên 'đừng vội sang Mỹ cắm cờ' của lãnh đạo Viettel?",19-11-2021 - 15:59 PM,61.0
155,Ngẫm cách dạy con của tỷ phú Phạm Nhật Vượng để hiểu sự khác biệt trong tư duy giữa người giàu và người nghèo,05-10-2021 - 14:36 PM,75.0
156,"Tỷ phú Phạm Nhật Vượng quan niệm “Tiền chỉ là công cụ, gia đình mới là hạnh phúc tuổi già”, còn các doanh nhân khác thì sao?",21-09-2021 - 11:48 AM,67.0
157,"Tâm lý ""Mua sắm trả thù"" sẽ giúp hệ thống trung tâm mua sắm lớn nhất Việt Nam của tỷ phú Phạm Nhật Vượng hồi sinh?",20-09-2021 - 22:02 PM,73.0
158,"Tỷ phú Phạm Nhật Vượng và 'vua cà phê' Đặng Lê Nguyên Vũ đều có chung 1 thói quen làm việc, nếu rèn luyện được như họ bạn sẽ thành công",20-09-2021 - 09:35 AM,67.0
159,Bà Phạm Thu Hương - Người vợ kín tiếng của tỷ phú Phạm Nhật Vượng và những chuyện không phải ai cũng biết,19-09-2021 - 07:45 AM,60.0
160,"Điểm chung thú vị của người giàu, từ tỷ phú Việt Phạm Nhật Vượng, Trần Đình Long tới tỷ phú Mỹ Bill Gates, Warren Buffett: Họ không làm việc vì tiền!",18-09-2021 - 16:45 PM,79.0
161,"Các thiếu gia tỷ phú tấp nập lộ diện: Con trai ông Phạm Nhật Vượng, ông Trần Đình Long đến nữ tỷ phú đô la",16-09-2021 - 17:14 PM,65.0
162,"Quỹ Thiện Tâm của ông Phạm Nhật Vượng đóng góp gần nửa tỷ USD làm từ thiện, riêng tài trợ phòng chống COVID-19 ít nhất 100 triệu USD",13-09-2021 - 13:32 PM,90.0
163,Quỹ từ thiện của tỷ phú Phạm Nhật Vượng bất ngờ được quan tâm giữa ồn ào sao kê của loạt nghệ sĩ đi từ thiện,12-09-2021 - 21:28 PM,92.0
164,"Vì sao nhiều tỷ phú Việt Nam đều khởi nghiệp với mì gói: Từ ông Phạm Nhật Vượng, Nguyễn Đăng Quang, cho đến Ngô Chí Dũng, Đặng Khắc Vỹ?",01-09-2021 - 06:59 AM,65.0
165,Từ chuyện tỷ phú Phạm Nhật Vượng mời nhân tài khắp thế giới về VinFast đến bài học dùng người cho chủ doanh nghiệp Việt Nam,31-08-2021 - 15:50 PM,75.0
166,"Gần 500 tỷ của ông Phạm Nhật Vượng: Miếng ghép thứ 5, VinFast đã có đủ cả 5 thứ như hãng xe số 1 toàn cầu!",13-08-2021 - 16:22 PM,72.0
167,Những người được ông Phạm Nhật Vượng 'chọn mặt gửi VinFast' lên tầm thế giới,13-08-2021 - 07:49 AM,75.0
168,Lĩnh vực này có gì đặc biệt khiến tỷ phú Phạm Nhật Vượng rót gần 425 tỷ đồng mở công ty?,12-08-2021 - 09:53 AM,50
169,"Các ""tay chơi"" châu Á thống trị thị trường pin ô tô điện - Muốn vươn tầm thế giới, VinES của ông Phạm Nhật Vượng phải đối đầu với những ai?",11-08-2021 - 15:11 PM,55.0
170,"Trong ít ngày, Vingroup đã chứng minh vì sao tỷ phú Phạm Nhật Vượng tự tin đánh cược vào VinFast tại Mỹ và châu Âu",11-08-2021 - 06:15 AM,75.0
171,"Tỷ phú Phạm Nhật Vượng lý giải nguyên nhân Vingroup xuất hiện nhiều nữ tướng từ VinBioCare, VinES đến VinAI, VinFast...",10-08-2021 - 13:23 PM,75.0
172,Tiềm năng khổng lồ của ngành sản xuất pin và ắc quy - lĩnh vực tỷ phú Phạm Nhật Vượng mới thành lập công ty,10-08-2021 - 07:15 AM,65.0
173,"VIC tăng mạnh, giá trị cổ phiếu tỷ phú Phạm Nhật Vượng nắm giữ đạt xấp xỉ 220.000 tỷ đồng",03-08-2021 - 15:20 PM,70.0
174,"Tỷ phú Phạm Nhật Vượng chiêu mộ loạt nhân sự cấp cao từ Tesla, Toyota đến BMW, quyết nâng tầm VinFast thành hãng xe điện toàn cầu",21-07-2021 - 09:19 AM,75.0
175,"Bà chủ hiện tại của Thuận Kiều Plaza: Sở hữu khối tài sản ngang ngửa tỉ phú Phạm Nhật Vượng, bất chấp mọi lời đồn quyết vực dậy 3 tòa chung cư bỏ hoang",09-07-2021 - 14:44 PM,57.0
176,Tỷ phú Phạm Nhật Vượng lần đầu tiết lộ cách Vingroup làm bất động sản cao cấp luôn đắt khách,24-06-2021 - 11:51 AM,75.0
177,"Financial Times viết về 'giấc mơ Mỹ' của ông Phạm Nhật Vượng: Có 'sự tự tin phi thường', IPO thành công sẽ định giá VinFast 60 tỷ USD, lớn hơn vốn hóa Ford Motor",03-06-2021 - 15:15 PM,75.0
178,"Tư tưởng lớn gặp nhau, tỷ phú Phạm Nhật Vượng và Trần Đình Long có cách dạy con giống nhau thế nào?",27-04-2021 - 08:42 AM,68.0
179,"Để trở thành người giàu số 1 Việt Nam, tỷ phú Phạm Nhật Vượng nhắn nhủ: ""Đừng làm theo thông lệ hiện có""",20-04-2021 - 08:44 AM,75.0
180,"Các tỷ phú Elon Musk, William Li đến Phạm Nhật Vượng, Năng ‘Do Thái’ đã dấn thân vào ngành ôtô của tương lai như thế nào?",27-03-2021 - 17:57 PM,75.0
181,"Những lần khởi nghiệp của tỷ phú Phạm Nhật Vượng: Từ thời du học đã buôn áo gió, làm mỳ tôm, tuổi 50 dồn lực sản xuất ô tô vươn ra thế giới",15-03-2021 - 10:11 AM,75.0
182,"Điện thoại do VinSmart sản xuất đã được bán rộng rãi tại Mỹ: Tỷ phú Phạm Nhật Vượng nói được, làm được",22-02-2021 - 22:16 PM,80.0
183,"""Mời tướng không bằng khích tướng"" - Chiêu thức dụng nhân được nhiều lãnh đạo yêu thích, từ Steve Jobs đến tỷ phú Phạm Nhật Vượng",30-12-2020 - 10:01 AM,58.0
184,Năm 2020 của tỷ phú Phạm Nhật Vượng,28-12-2020 - 10:12 AM,95.0
185,Ông Phạm Nhật Vượng góp mặt trong danh sách Anh hùng thiện nguyện châu Á của Forbes,11-11-2020 - 12:43 PM,75.0
186,"Lấy cảm hứng từ cuốn sách tỷ phú Phạm Nhật Vượng khuyên đọc, 1 DN Việt dùng công nghệ giải cứu các CEO trước bài toán “xin sếp tăng lương”",03-11-2020 - 09:15 AM,60.0
187,"Tỷ phú Phạm Nhật Vượng và ""vua cà phê"" Đặng Lê Nguyên Vũ đều có chung 1 thói quen làm việc, nếu rèn luyện được như họ bạn sẽ thành công",27-10-2020 - 14:57 PM,72.0
188,"Cổ phiếu Vingroup liên tục tăng giá trong tháng 10, tài sản tỷ phú Phạm Nhật Vượng vượt mốc 200.000 tỷ đồng",26-10-2020 - 17:41 PM,73.0
189,Vì sao là người giàu nhất Việt Nam nhưng tỷ phú Phạm Nhật Vượng không mua máy bay riêng?,22-09-2020 - 11:05 AM,95.0
190,"Jack Ma đi xin việc bị KFC từ chối, tỷ phú Phạm Nhật Vượng trầy trật lúc khởi nghiệp, người trẻ muốn thành công nên học gì từ họ?",27-08-2020 - 09:11 AM,60.0
191,Từ chuyện tỷ phú Phạm Nhật Vượng mời nhân tài về Vingroup 'chơi lớn' đến bài học dùng người cho lãnh đạo doanh nghiệp,18-08-2020 - 08:49 AM,70.0
192,Tỷ phú Phạm Nhật Vượng trao tặng 1.700 máy thở xâm nhập và tài trợ hóa chất cho 56.000 xét nghiệm Covid-19,07-08-2020 - 17:51 PM,95.0
193,"Tình cờ phát hiện tỷ phú Phạm Nhật Vượng và Chủ tịch Thái Hương cùng yêu thích một cuốn tiểu thuyết, người trẻ muốn thành công như họ đều nên đọc",03-08-2020 - 11:27 AM,60.0
194,"Nhân viên VinFast xin giảm lương để hỗ trợ công ty vượt qua đại dịch, tỷ phú Phạm Nhật Vượng nói gì?",19-07-2020 - 21:48 PM,78.0
195,"Soi profile ‘khủng’ của tân CEO Gojek Việt Nam: Nhân viên cũ của tỷ phú Phạm Nhật Vượng, từng góp sức xây dựng Adayroi, Cộng Cà Phê trước khi dấn thân vào mảng gọi xe",05-07-2020 - 08:45 AM,68.0
196,"Tỷ phú Phạm Nhật Vượng, Trần Đình Long bị giả mạo, kéo vào cuộc làm giàu với bitcoin",18-06-2020 - 10:49 AM,35.0
197,Tỷ phú Phạm Nhật Vượng: VinFast và VinSmart sẽ chỉ tập trung xuất khẩu vào thị trường Mỹ; Vinpearl đặt trọng tâm vào khách nội địa,28-05-2020 - 14:04 PM,70.0
198,"Muốn đi tàu ngầm mới của tỷ phú Phạm Nhật Vượng ở Nha Trang, du khách sẽ phải mua vé đắt ngang vé máy bay?",25-05-2020 - 09:44 AM,65.0
199,Tàu ngầm ông Phạm Nhật Vượng đặt mua đã cập bến Nha Trang?,23-05-2020 - 15:08 PM,55.0
200,Vì sao công ty của ông Phạm Nhật Vượng bán khớp lệnh 500.000 cổ phiếu VIC?,14-05-2020 - 21:58 PM,50
201,"Mua tàu ngầm thám hiểm - ""Lá bài"" mới của ông Phạm Nhật Vượng để Vinpearl Nha Trang vượt qua Maldives, Hawaii, Jeju?",11-05-2020 - 10:00 AM,50
202,Ông Phạm Nhật Vượng đặt mua tàu ngầm thám hiểm DeepView 24,10-05-2020 - 09:35 AM,50
203,Tỷ phú Phạm Nhật Vượng là đại diện Việt Nam duy nhất lọt 'bảng vàng' Forbes về đóng góp chống Covid-19,17-04-2020 - 12:30 PM,50
204,Tỷ phú Phạm Nhật Vượng chi bao nhiêu tiền để thuê nguyên chiếc Boeing 787 Dreamliner đưa kiều bào Việt Nam tại Ukraine về nước giữa dịch Covid-19?,24-03-2020 - 18:37 PM,50
205,Tỷ phú Phạm Nhật Vượng thuê nguyên một chiếc Dreamliner 787 giúp khách du lịch Ucraina bị hủy chuyến về nước,23-03-2020 - 23:55 PM,50
206,"Xếp hạng Forbes 2019: Tỷ phú Phạm Nhật Vượng ra ngoài Top 300, Chủ tịch Masan không còn trong danh sách",15-03-2020 - 22:05 PM,50
207,"Kỳ vọng dòng vốn FDI, tỷ phú Phạm Nhật Vượng nhảy vào lĩnh vực khu công nghiệp",10-03-2020 - 19:53 PM,50
208,Smartphone của tỷ phú Phạm Nhật Vượng chính thức vượt Apple ở kênh bán lẻ,08-03-2020 - 15:48 PM,50
209,Tỷ phú Phạm Nhật Vượng tung gói hỗ trợ khủng cho đối tác để vượt qua covid-19,05-03-2020 - 15:23 PM,50
210,Đầu năm tỷ phú Phạm Nhật Vượng lại chơi lớn,19-02-2020 - 10:33 AM,50
211,"Danh sách tỷ phú giàu nhất hành tinh: Chủ tịch Phạm Nhật Vượng rời top 250, CEO Nguyễn Thị Phương Thảo rời top 1.000, riêng ông chủ Masan “mất tích” khỏi BXH",17-02-2020 - 14:17 PM,50
212,"12.000 smartphone hết veo sau 14h lên kệ, Vsmart Joy 3 của tỷ phú Phạm Nhật Vượng lập kỉ lục vô tiền khoáng hậu",16-02-2020 - 10:04 AM,50
213,"Loạt xe sang sắp khuấy động thị trường Việt Nam, có cả xe của tỷ phú Phạm Nhật Vượng",10-02-2020 - 09:47 AM,50
214,"5 cá nhân vừa ""trao tay"" số cổ phiếu trị giá 6.400 tỷ đồng cho công ty riêng của ông Phạm Nhật Vượng",20-01-2020 - 09:08 AM,50
215,Chủ tịch Phạm Nhật Vượng cắt băng khánh thành VinUni: Mục tiêu trở thành 1 trong 50 trường đại học trẻ hàng đầu thế giới,15-01-2020 - 12:11 PM,50
216,"Soi 10 điện thoại rẻ nhất Việt Nam năm 2020, trong đó đến 2 mẫu smartphone của tỷ phú Phạm Nhật Vượng",07-01-2020 - 10:15 AM,50
217,"Nikkei: Điểm chung thú vị của ông Phạm Nhật Vượng, bà Nguyễn Thị Phương Thảo, và tiềm năng của các tập đoàn lớn để trở thành động lực phía sau nền kinh tế Việt Nam",06-01-2020 - 13:49 PM,50
218,"Smartphone của tỷ phú Phạm Nhật Vượng bất ngờ tăng trưởng chưa từng có, sắp bằng Apple tại Việt Nam",05-01-2020 - 12:23 PM,50
219,"Sau khi tặng 100.000 cư dân Vinhomes điện thoại Vsmart, tỷ phú Phạm Nhật Vượng tiếp tục ""chơi lớn"" tặng luôn ô tô Vinfast cho người mua nhà",23-12-2019 - 09:40 AM,50
220,Lần đóng cửa dứt khoát Tập đoàn tài chính Vincom của tỷ phú Phạm Nhật Vượng,22-12-2019 - 23:23 PM,50
221,Tỷ phú Phạm Nhật Vượng tặng mỗi chủ căn hộ Vinhomes một điện thoại Vsmart nhân dịp năm mới,21-12-2019 - 22:04 PM,50
222,Công ty riêng của gia đình ông Phạm Nhật Vượng gia tăng tỷ lệ sở hữu tại VinGroup,20-12-2019 - 17:12 PM,50
223,"Khám phá nơi xuất xưởng những chiếc smart TV sẽ cạnh tranh trực tiếp với Samsung, Sony của tỷ phú Phạm Nhật Vượng",17-12-2019 - 09:11 AM,50
224,"Giảm mạnh giá bán Vsmart Live, tỷ phú Phạm Nhật Vượng muốn ""đấu"" trực diện với các hãng smartphone ngoại?",02-12-2019 - 11:01 AM,50
225,"Tỷ phú Phạm Nhật Vượng chơi lớn: Không tính 11.000 tỷ lãi vay và khấu hao hàng năm vào giá xe Vinfast, tưởng lỗ nhưng lại là “bỏ con săn sắt bắt con cá rô”",28-11-2019 - 14:26 PM,50
226,"“Đột nhập” nhà máy, xem quy trình để thấy vì sao tỷ phú Phạm Nhật Vượng có thể sản xuất được 23 triệu smartphone/năm",26-11-2019 - 17:42 PM,50
227,Chủ tịch Phạm Nhật Vượng đích thân thử 2 mẫu xe mới của VinFast cạnh tranh Hyundai Kona và Honda CR-V,16-11-2019 - 08:33 AM,50
228,"Sau ô tô, smartphone, tivi, tỷ phú Phạm Nhật Vượng sắp tung ra thị trường cả thiết bị smarthome?",10-11-2019 - 21:28 PM,50
229,"PGS.TS Trần Đình Thiên: Tôi tin Phạm Nhật Vượng, Trần Bá Dương, Đặng Lê Nguyên Vũ… nói thật về khát vọng Việt Nam chứ không đạo đức giả hay mua chuộc dân tuý!",,50
230,Công ty của tỷ phú Phạm Nhật Vượng bất ngờ tuyên bố sản xuất thiết bị viễn thông 5G,30-10-2019 - 16:58 PM,50
231,Giá trị cổ phiếu tỷ phú Phạm Nhật Vượng nắm giữ lần đầu vượt mốc 10 tỷ USD,22-08-2019 - 15:31 PM,50
232,Tỷ phú Phạm Nhật Vượng lọt top 200 người giàu nhất hành tinh với khối tài sản nhiều hơn tổng tài sản 4 tỷ phú Việt còn lại,01-08-2019 - 11:27 AM,50
233,Tài sản tỷ phú Phạm Nhật Vượng tăng thêm 4.300 tỷ đồng ngay khi những chiếc VinFast Lux đầu tiên được bàn giao,29-07-2019 - 16:22 PM,50
234,"Giá trị cổ phiếu ông Phạm Nhật Vượng nắm giữ gần chạm mốc 10 tỷ USD, lớn hơn vốn hóa hầu hết doanh nghiệp trên sàn chứng khoán Việt Nam",25-07-2019 - 16:22 PM,50
235,Chủ tịch Phạm Nhật Vượng chỉ ra một điểm giúp doanh nghiệp Việt 'cùng nhau lớn mạnh' và đây là lời giải của Jack Ma,16-07-2019 - 17:01 PM,50
236,"Điện thoại, ô tô, hàng không... tỷ phú Phạm Nhật Vượng dồn lực tăng tốc",10-07-2019 - 15:43 PM,50
237,Lê Hoàng Uyên Vy và bí mật chưa kể về cuộc gặp 5 phút với Chủ tịch Vingroup Phạm Nhật Vượng,09-07-2019 - 15:18 PM,50
238,"Học cách đầu tư tủ sách thay vì sắm tivi như lời khuyên của Chủ tịch Trung Nguyên Đặng Lê Nguyên Vũ, nhưng đọc sách như thế nào hãy học tỷ phú Phạm Nhật Vượng",31-05-2019 - 10:17 AM,50
239,Chân dung những người ‘lèo lái’ VinFast vượt tốc độ kỷ lục thế giới mà tỷ phú Phạm Nhật Vượng đề ra,19-05-2019 - 09:14 AM,50
240,"CEO VinFast James DeLuca: ""Trong tay không có gì ngoài TẦM NHÌN và một chiếc xẻng xúc đầy đất, Chủ tịch Phạm Nhật Vượng tuyên bố với thế giới sẽ cho ra mắt 2 mẫu xe Sedan và SUV trong 2 năm""",16-05-2019 - 10:04 AM,50
241,"Ông Võ Quang Huệ: ""Có ngày tôi họp 2 lần với Chủ tịch, nhắn tin xin ý kiến thì chỉ 1-2 phút anh Phạm Nhật Vượng đã trả lời""",15-05-2019 - 09:52 AM,50
242,Đoán giá chiếc xe sắp thuộc bộ sưu tập của tỷ phú Phạm Nhật Vượng: Đừng bất ngờ về con số!,24-03-2019 - 08:21 AM,50
243,Điểm yếu nhất trong quản lý nhân sự của Thế giới di động trong mắt ông Nguyễn Đức Tài và lời giải gợi ý của Chủ tịch Vingroup Phạm Nhật Vượng,20-03-2019 - 16:39 PM,50
244,Lượng cổ phiếu do tỷ phú Phạm Nhật Vượng nắm giữ đã tăng lên 10 tỷ USD,20-03-2019 - 11:21 AM,50
245,Phía sau quyết định bỏ Lexus để dùng VinFast của ông Phạm Nhật Vượng,12-03-2019 - 10:11 AM,50
246,Tỷ phú Phạm Nhật Vượng tiết lộ điều khó khăn nhất khi chuyển từ Lexus sang xe VinFast,07-03-2019 - 17:27 PM,50
247,"Tỷ phú Phạm Nhật Vượng xuất hiện bên chiếc LUX SA2.0, quyết định đổi từ Lexus sang xe VinFast",07-03-2019 - 15:34 PM,50
248,"Lộ diện video tỷ phú Phạm Nhật Vượng tự tay lái thử chiếc xe VinFast ""made in Vietnam"" đầu tiên được xuất xưởng",07-03-2019 - 15:33 PM,50
249,Tỷ phú Phạm Nhật Vượng tiết lộ 2 lý do vì sao thường tin tưởng giao trọng trách cho các nữ tướng ở Vingroup,07-03-2019 - 13:26 PM,50
250,Tỷ phú Phạm Nhật Vượng thôi giữ vị trí Chủ tịch Hội đồng quản trị VinHomes,28-02-2019 - 23:03 PM,50
251,"Phạt hay không phạt nhân viên: Hai trường phái quản trị đối nghịch giữa ông Phạm Nhật Vượng và ông Nguyễn Đức Tài, cùng lời giải của giáo sư Phan Văn Trường",21-02-2019 - 08:43 AM,50
252,"Tài sản của tỷ phú Phạm Nhật Vượng tăng thêm gần 1 tỷ USD từ sau Tết, gia nhập nhóm 200 người giàu nhất thế giới",16-02-2019 - 10:20 AM,50
253,"Tài sản của chủ tịch Thaco Trần Bá Dương có thể tăng đột biến lên gần 7 tỷ USD, giàu ngang tỷ phú Phạm Nhật Vượng?",16-02-2019 - 07:04 AM,50
254,Phạm Nhật Vượng - Trần Bá Dương: Những điểm chung thú vị của 2 tỷ phú đôla,12-02-2019 - 21:22 PM,50
255,"Năm mới hãy học cách nghĩ về tiền như tỷ phú Phạm Nhật Vượng để thoát khỏi cảnh tầm thường, thành công hơn trong sự nghiệp",10-02-2019 - 09:53 AM,50
256,Nhìn cách dạy con của tỷ phú Phạm Nhật Vượng để hiểu sự khác biệt trong tư duy giữa người giàu và người nghèo,05-02-2019 - 08:53 AM,50
257,"Tóm tắt những 'lời vàng ý ngọc' trong cuốn sách tỷ phú Phạm Nhật Vượng nói rất tâm đắc, nhiều lần tặng và giảng cho nhân viên",15-01-2019 - 11:40 AM,50
258,Tỷ phú Phạm Nhật Vượng lần đầu tiết lộ chuyện phá sản thời sinh viên,13-01-2019 - 17:32 PM,50
259,"Tỷ phú Phạm Nhật Vượng lần đầu chia sẻ cách đọc sách, có một cuốn sách được ông tâm đắc nhiều lần đem tặng và giảng cho nhân viên",11-01-2019 - 16:40 PM,50
260,Tiết lộ yêu cầu khắt khe của tỷ phú Phạm Nhật Vượng với đội phát triển của VSmart,15-12-2018 - 10:08 AM,50
261,"TS. Lê Xuân Nghĩa: Ông Phạm Nhật Vượng nói rằng phải hỗ trợ startup, bởi nếu họ lớn chậm cũng là chết!",13-12-2018 - 17:59 PM,50
262,Lộ ảnh khu trải nghiệm điện thoại Vsmart của tỷ phú Phạm Nhật Vượng tại các hệ thống bán lẻ,12-12-2018 - 21:29 PM,50
263,Tốc độ không giới hạn của ông Phạm Nhật Vượng,,50
264,VinFast Klara: Từ sản phẩm kinh doanh tới giấc mơ xanh phi thường của tỷ phú Phạm Nhật Vượng,,50
265,Tài sản tỷ phú Phạm Nhật Vượng vượt xa cả chủ tịch Hyundai Motor sau màn ra mắt Vinfast ấn tượng,05-10-2018 - 10:54 AM,50
266,Báo Tây viết về dự án Vinfast của ông Phạm Nhật Vượng: Từ khoản vay 40.000 USD đến đế chế 10 tỷ USD và giấc mơ ô tô 'made in Vietnam' đang dần thành hiện thực,11-09-2018 - 12:24 PM,50
267,PGS. TS Trần Đình Thiên: “Đã có Phạm Nhật Vượng thì cũng có thể có những người khác”,,50
268,"Chuyện ""hậu trường"" Landmark 81: Coteccons thắng thầu Lotte vì Chủ tịch Phạm Nhật Vượng muốn tòa nhà cao nhất Việt Nam phải để người Việt làm",31-07-2018 - 15:24 PM,50
269,Điều đặc biệt về chiếc xe gắn liền với tỷ phú Phạm Nhật Vượng thời khởi nghiệp,18-07-2018 - 10:38 AM,50
270,"Trung Nguyên chi 5 tỷ USD để tặng sách, số tiền xấp xỉ tài sản của tỷ phú Phạm Nhật Vượng?",05-07-2018 - 17:25 PM,50
271,"Khi VinFast chọn làm xe tử tế: Thông điệp sâu xa từ ""cái cửa thun thút"" của tỷ phú Phạm Nhật Vượng",18-06-2018 - 09:12 AM,50
272,"Tỷ phú Phạm Nhật Vượng tiết lộ cách 'tân binh' VinFast cạnh tranh với các đối thủ: Xe xịn, giá tốt, nhiều hậu mãi",01-06-2018 - 10:01 AM,50
273,"Tài sản tỷ phú Phạm Nhật Vượng lên 7 tỷ USD, giàu thứ 240 thế giới",06-04-2018 - 11:05 AM,50
274,"Forbes: Tài sản tỷ phú Phạm Nhật Vượng cán mốc 6 tỷ USD, sắp lọt top 300 người giàu nhất hành tinh",23-03-2018 - 16:00 PM,50
275,"Bán cám heo, nước mắm, ông chủ Masan trở thành tỷ phú đôla thứ 3 của Việt Nam cùng bà Nguyễn Thị Phương Thảo và ông Phạm Nhật Vượng",19-01-2018 - 10:07 AM,50
276,Nguồn gốc khối tài sản khổng lồ của tỷ phú Phạm Nhật Vượng,16-01-2018 - 19:10 PM,50
277,Ngành bánh kẹo Việt Nam nhìn từ nhận xét phũ phàng 'KHÔNG CÓ CỬA' của tỷ phú Phạm Nhật Vượng,05-01-2018 - 07:34 AM,50
278,"Tỷ phú Phạm Nhật Vượng kể chuyện Vinfast, tiết lộ lý do chọn làm xe hơi thương hiệu Việt",02-01-2018 - 17:01 PM,50
279,"Không chỉ lọt vào top 500 người giàu nhất hành tinh, tỷ phú Phạm Nhật Vượng vừa lấy lại vị trí giàu nhất sàn chứng khoán Việt Nam",05-12-2017 - 15:10 PM,50
280,Tỷ phú Phạm Nhật Vượng lần đầu chia sẻ về VinFast,30-11-2017 - 13:15 PM,50
281,Tỷ phú Phạm Nhật Vượng vào danh sách 500 người giàu nhất hành tinh,24-11-2017 - 10:12 AM,50
282,"Giá trị Vingroup chạm ngưỡng 10 tỷ đô, tỷ phú Phạm Nhật Vượng thăng hạng chóng mặt trên bảng xếp hạng người giàu thế giới",21-11-2017 - 10:19 AM,50
283,"Nếu tính đầy đủ, tỷ phú Phạm Nhật Vượng đang nắm giữ lượng cổ phiếu trị giá gần 110.000 tỷ đồng",14-11-2017 - 09:34 AM,50
284,"Tài sản tỷ phú Phạm Nhật Vượng tăng vọt lên 3,4 tỷ USD, trở thành người giàu thứ 665 thế giới nhờ Vincom Retail",07-11-2017 - 19:23 PM,50
285,"Cổ phiếu Vingroup và Vietjet tăng mạnh, 2 tỷ phú Phạm Nhật Vượng và Nguyễn Thị Phương Thảo ""thăng hạng"" ấn tượng trong top người giàu nhất hành tinh",06-10-2017 - 16:14 PM,50
286,Vinfast - tham vọng của tỷ phú USD Phạm Nhật Vượng - lớn đến thế nào?,07-09-2017 - 10:04 AM,50
287,"Trước tỷ phú Phạm Nhật Vượng, có 2 ""đại gia"" Việt đình đám cũng từng nuôi giấc mơ ô tô và đây là kết quả",06-09-2017 - 17:00 PM,50
288,Chủ tịch Hiệp hội vận tải ô tô Việt Nam: Ông Phạm Nhật Vượng mà không dám làm ô tô thì chẳng ai dám làm cả!,06-09-2017 - 10:00 AM,50
289,"""Mảnh ghép thứ 7” trong hệ sinh thái Vingroup và trận đánh 3,5 tỷ USD của tỷ phú Phạm Nhật Vượng",05-09-2017 - 15:01 PM,50
290,"Ông Võ Quang Huệ về Vinfast, chiến tướng đầu tiên được ông Phạm Nhật Vượng “chiêu dụ”",04-09-2017 - 15:02 PM,50
291,"Sau 7 tháng, ông Phạm Nhật Vượng đã trở lại vị trí người giàu nhất sàn chứng khoán Việt Nam",16-06-2017 - 16:34 PM,50
292,Vì sao ông Phạm Nhật Vượng vẫn là tỷ phú USD duy nhất của Việt Nam trên Forbes?,04-01-2017 - 20:13 PM,50
293,Ông Phạm Nhật Vượng tăng hơn 200 bậc trong bảng xếp hạng tỷ phú giàu nhất thế giới của Forbes,30-12-2016 - 15:54 PM,50
294,"Tròn 1 tháng kể từ ngày bị ""soán ngôi"", ông Phạm Nhật Vượng đã trở lại vị trí số 1 trên sàn chứng khoán",13-12-2016 - 15:21 PM,50
295,Cổ phiếu VIC vụt tăng giúp tỷ phú Phạm Nhật Vượng lấy lại ngôi vị giàu nhất thị trường chứng khoán,11-11-2016 - 15:10 PM,50
296,"Tỷ phú Xuân Trường, Phạm Nhật Vượng, Vũ Quang Hội, Dương Công Minh ...""tổng tấn công"" BĐS Hải Phòng",09-09-2016 - 17:44 PM,50
297,"Vingroup phát hành cổ phiếu thưởng, vợ chồng ông Phạm Nhật Vượng sắp nhận về 140 triệu cp mới",09-09-2016 - 14:14 PM,50
298,"Forbes: Tài sản của ông Phạm Nhật Vượng vượt ngưỡng 2,2 tỷ USD khi cổ phiếu Vingroup lên cao kỷ lục",04-07-2016 - 12:13 PM,50
299,"Cổ phiếu Vingroup lên mức cao nhất từ khi niêm yết, giá trị cổ phiếu của ông Phạm Nhật Vượng vượt 1,3 tỷ USD",02-07-2016 - 09:48 AM,50
300,"Vingroup phát hành trên 213 triệu CP trả cổ tức, vợ chồng ông Phạm Nhật Vượng nhận gần 69 triệu cp mới",15-06-2016 - 09:26 AM,50
301,Đại chiến siêu thị: Phạm Nhật Vượng đấu tỷ phú Thái,03-06-2016 - 11:32 AM,50
302,"Tài sản của tỷ phú Phạm Nhật Vượng tăng lên 1,8 tỷ USD",01-03-2016 - 21:57 PM,50
303,Người Ukraine nhớ mỳ Phạm Nhật Vượng,21-08-2015 - 16:40 PM,50
304,Vợ chồng ông Phạm Nhật Vượng được nhận cổ tức bằng 128 triệu cổ phiếu VIC,29-07-2015 - 16:20 PM,50
305,Forbes: Tài sản của ông Phạm Nhật Vượng tăng thêm 100 triệu USD,03-03-2015 - 10:32 AM,50
306,Vợ chồng tỷ phú Phạm Nhật Vượng sắp lĩnh 700 tỷ đồng cổ tức,06-08-2014 - 11:02 AM,50
307,"Tài sản tăng 100 triệu USD, ông Phạm Nhật Vượng tiếp tục đứng trong danh sách tỷ phú thế giới",04-03-2014 - 01:00 AM,50
308,"Tài sản tăng 100 triệu USD, ông Phạm Nhật Vượng tiếp tục đứng trong danh sách tỷ phú thế giới",03-03-2014 - 23:58 PM,50
309,Vợ chồng tỷ phú Phạm Nhật Vượng 'thu lại' 1.300 tỷ đồng sau một phiên,23-12-2013 - 15:58 PM,50
310,Tỉ phú Phạm Nhật Vượng và tuyệt chiêu bán căn hộ cao cấp thời khó khăn,21-12-2013 - 14:00 PM,50
311,Vợ chồng ông Phạm Nhật Vượng trực tiếp nắm giữ số cổ phiếu trị giá 1 tỷ USD,01-08-2013 - 14:17 PM,50
312,"[Nóng trong tuần] Bầu Đức ""buông"" thủy điện, tỷ phú Phạm Nhật Vượng chia sẻ bí quyết",29-06-2013 - 20:50 PM,50
313,Tỷ phú Phạm Nhật Vượng lần đầu tiên trải lòng về triết lý kinh doanh,27-06-2013 - 09:16 AM,50
314,Tỷ phú Phạm Nhật Vượng: Im lặng là vàng?,14-03-2013 - 15:05 PM,50
315,[Nóng trong ngày] Đồn đoán người nào giàu hơn ông Phạm Nhật Vượng?,07-03-2013 - 18:18 PM,50
316,Tâm thức Việt của doanh nhân Phạm Nhật Vượng,07-03-2013 - 09:10 AM,50
317,Phạm Nhật Vượng lọt top tỷ phú xuất sắc của Forbes ,06-03-2013 - 15:33 PM,50
318,Ông Phạm Nhật Vượng lọt vào danh sách tỷ phú giàu nhất thế giới của Forbes,05-03-2013 - 08:42 AM,50
319,"Ông Phạm Nhật Vượng lọt vào danh sách tỷ phú giàu nhất thế giới với 1,5 tỷ USD",05-03-2013 - 08:33 AM,50
320,"Bloomberg gọi ông Phạm Nhật Vượng là ""tỷ phú ẩn danh""",26-10-2012 - 09:15 AM,50
321,Em trai ông Phạm Nhật Vượng nói về hiện tượng giả sư,10-08-2012 - 23:58 PM,50
322,"VIC: Ông Phạm Nhật Vượng giảm tỷ lệ sở hữu từ 39,17% còn 30,67%",19-01-2012 - 18:33 PM,50
323,Ông Phạm Nhật Vượng tiếp tục là người giàu nhất trên TTCK năm 2011,26-12-2011 - 08:36 AM,50
324,Ông Phạm Nhật Vượng làm Chủ tịch HĐQT VinGroup,15-11-2011 - 11:28 AM,50
325,Ông Phạm Nhật Vượng rút tên khỏi Hội đồng quản trị Vinpearl,28-10-2011 - 16:09 PM,50
326,VIC: ĐHCĐ thông qua việc ông Phạm Nhật Vượng đứng ra đảm bảo khoản vay chuyển đổi,12-09-2011 - 09:08 AM,50
327,Ông Phạm Nhật Vượng đứng ra đảm bảo cho Vincom phát hành khoản vay chuyển đổi,27-07-2011 - 13:44 PM,50
328,"VIC: Ông Phạm Nhật Vượng giảm tỷ lệ sở hữu từ 40,18% xuống còn 39,17%",13-06-2011 - 22:56 PM,50
329,Em trai Phạm Nhật Vượng muốn kinh doanh viễn thông,06-04-2011 - 13:32 PM,50
330,Ông Phạm Nhật Vượng chính thức trở thành người giàu nhất TTCK năm 2010,29-12-2010 - 10:50 AM,50
